"landtype","spp","DOMName","poolID","amountAtT0"
8,"ABIE.BAL","VF_A",1,0
8,"ABIE.BAL","VF_B",2,0
8,"ABIE.BAL","Fast_A",3,0
8,"ABIE.BAL","Fast_B",4,0
8,"ABIE.BAL","MED",5,0
8,"ABIE.BAL","Slow_A",6,6
8,"ABIE.BAL","Slow_B",7,25
8,"ABIE.BAL","Sng_Stem",8,0
8,"ABIE.BAL","Sng_Oth",9,0
8,"ABIE.BAL","Extra",10,0
9,"ABIE.BAL","VF_A",1,0
9,"ABIE.BAL","VF_B",2,0
9,"ABIE.BAL","Fast_A",3,0
9,"ABIE.BAL","Fast_B",4,0
9,"ABIE.BAL","MED",5,0
9,"ABIE.BAL","Slow_A",6,6
9,"ABIE.BAL","Slow_B",7,24
9,"ABIE.BAL","Sng_Stem",8,0
9,"ABIE.BAL","Sng_Oth",9,0
9,"ABIE.BAL","Extra",10,0
16,"ABIE.BAL","VF_A",1,15
16,"ABIE.BAL","VF_B",2,4
16,"ABIE.BAL","Fast_A",3,11
16,"ABIE.BAL","Fast_B",4,4
16,"ABIE.BAL","MED",5,19
16,"ABIE.BAL","Slow_A",6,106
16,"ABIE.BAL","Slow_B",7,308
16,"ABIE.BAL","Sng_Stem",8,10
16,"ABIE.BAL","Sng_Oth",9,2
16,"ABIE.BAL","Extra",10,0
17,"ABIE.BAL","VF_A",1,16
17,"ABIE.BAL","VF_B",2,4
17,"ABIE.BAL","Fast_A",3,12
17,"ABIE.BAL","Fast_B",4,4
17,"ABIE.BAL","MED",5,18
17,"ABIE.BAL","Slow_A",6,98
17,"ABIE.BAL","Slow_B",7,282
17,"ABIE.BAL","Sng_Stem",8,10
17,"ABIE.BAL","Sng_Oth",9,4
17,"ABIE.BAL","Extra",10,0
58,"ABIE.BAL","VF_A",1,17
58,"ABIE.BAL","VF_B",2,5
58,"ABIE.BAL","Fast_A",3,15
58,"ABIE.BAL","Fast_B",4,5
58,"ABIE.BAL","MED",5,25
58,"ABIE.BAL","Slow_A",6,132
58,"ABIE.BAL","Slow_B",7,380
58,"ABIE.BAL","Sng_Stem",8,12
58,"ABIE.BAL","Sng_Oth",9,4
58,"ABIE.BAL","Extra",10,0
59,"ABIE.BAL","VF_A",1,16
59,"ABIE.BAL","VF_B",2,5
59,"ABIE.BAL","Fast_A",3,13
59,"ABIE.BAL","Fast_B",4,5
59,"ABIE.BAL","MED",5,22
59,"ABIE.BAL","Slow_A",6,115
59,"ABIE.BAL","Slow_B",7,338
59,"ABIE.BAL","Sng_Stem",8,11
59,"ABIE.BAL","Sng_Oth",9,4
59,"ABIE.BAL","Extra",10,0
65,"ABIE.BAL","VF_A",1,18
65,"ABIE.BAL","VF_B",2,6
65,"ABIE.BAL","Fast_A",3,16
65,"ABIE.BAL","Fast_B",4,6
65,"ABIE.BAL","MED",5,35
65,"ABIE.BAL","Slow_A",6,153
65,"ABIE.BAL","Slow_B",7,430
65,"ABIE.BAL","Sng_Stem",8,13
65,"ABIE.BAL","Sng_Oth",9,3
65,"ABIE.BAL","Extra",10,0
66,"ABIE.BAL","VF_A",1,22
66,"ABIE.BAL","VF_B",2,6
66,"ABIE.BAL","Fast_A",3,19
66,"ABIE.BAL","Fast_B",4,6
66,"ABIE.BAL","MED",5,42
66,"ABIE.BAL","Slow_A",6,184
66,"ABIE.BAL","Slow_B",7,501
66,"ABIE.BAL","Sng_Stem",8,16
66,"ABIE.BAL","Sng_Oth",9,4
66,"ABIE.BAL","Extra",10,0
67,"ABIE.BAL","VF_A",1,18
67,"ABIE.BAL","VF_B",2,6
67,"ABIE.BAL","Fast_A",3,19
67,"ABIE.BAL","Fast_B",4,7
67,"ABIE.BAL","MED",5,48
67,"ABIE.BAL","Slow_A",6,193
67,"ABIE.BAL","Slow_B",7,540
67,"ABIE.BAL","Sng_Stem",8,18
67,"ABIE.BAL","Sng_Oth",9,3
67,"ABIE.BAL","Extra",10,0
68,"ABIE.BAL","VF_A",1,22
68,"ABIE.BAL","VF_B",2,7
68,"ABIE.BAL","Fast_A",3,27
68,"ABIE.BAL","Fast_B",4,7
68,"ABIE.BAL","MED",5,64
68,"ABIE.BAL","Slow_A",6,243
68,"ABIE.BAL","Slow_B",7,661
68,"ABIE.BAL","Sng_Stem",8,26
68,"ABIE.BAL","Sng_Oth",9,8
68,"ABIE.BAL","Extra",10,0
8,"ACER.RUB","VF_A",1,42
8,"ACER.RUB","VF_B",2,3
8,"ACER.RUB","Fast_A",3,8
8,"ACER.RUB","Fast_B",4,3
8,"ACER.RUB","MED",5,0
8,"ACER.RUB","Slow_A",6,65
8,"ACER.RUB","Slow_B",7,132
8,"ACER.RUB","Sng_Stem",8,0
8,"ACER.RUB","Sng_Oth",9,0
8,"ACER.RUB","Extra",10,0
9,"ACER.RUB","VF_A",1,14
9,"ACER.RUB","VF_B",2,1
9,"ACER.RUB","Fast_A",3,2
9,"ACER.RUB","Fast_B",4,1
9,"ACER.RUB","MED",5,0
9,"ACER.RUB","Slow_A",6,18
9,"ACER.RUB","Slow_B",7,36
9,"ACER.RUB","Sng_Stem",8,0
9,"ACER.RUB","Sng_Oth",9,0
9,"ACER.RUB","Extra",10,0
16,"ACER.RUB","VF_A",1,25
16,"ACER.RUB","VF_B",2,4
16,"ACER.RUB","Fast_A",3,36
16,"ACER.RUB","Fast_B",4,6
16,"ACER.RUB","MED",5,22
16,"ACER.RUB","Slow_A",6,254
16,"ACER.RUB","Slow_B",7,635
16,"ACER.RUB","Sng_Stem",8,18
16,"ACER.RUB","Sng_Oth",9,11
16,"ACER.RUB","Extra",10,0
17,"ACER.RUB","VF_A",1,30
17,"ACER.RUB","VF_B",2,4
17,"ACER.RUB","Fast_A",3,45
17,"ACER.RUB","Fast_B",4,6
17,"ACER.RUB","MED",5,21
17,"ACER.RUB","Slow_A",6,280
17,"ACER.RUB","Slow_B",7,681
17,"ACER.RUB","Sng_Stem",8,18
17,"ACER.RUB","Sng_Oth",9,18
17,"ACER.RUB","Extra",10,0
58,"ACER.RUB","VF_A",1,14
58,"ACER.RUB","VF_B",2,3
58,"ACER.RUB","Fast_A",3,19
58,"ACER.RUB","Fast_B",4,4
58,"ACER.RUB","MED",5,7
58,"ACER.RUB","Slow_A",6,144
58,"ACER.RUB","Slow_B",7,412
58,"ACER.RUB","Sng_Stem",8,5
58,"ACER.RUB","Sng_Oth",9,6
58,"ACER.RUB","Extra",10,0
59,"ACER.RUB","VF_A",1,23
59,"ACER.RUB","VF_B",2,4
59,"ACER.RUB","Fast_A",3,38
59,"ACER.RUB","Fast_B",4,6
59,"ACER.RUB","MED",5,9
59,"ACER.RUB","Slow_A",6,201
59,"ACER.RUB","Slow_B",7,524
59,"ACER.RUB","Sng_Stem",8,7
59,"ACER.RUB","Sng_Oth",9,18
59,"ACER.RUB","Extra",10,0
65,"ACER.RUB","VF_A",1,13
65,"ACER.RUB","VF_B",2,2
65,"ACER.RUB","Fast_A",3,18
65,"ACER.RUB","Fast_B",4,3
65,"ACER.RUB","MED",5,8
65,"ACER.RUB","Slow_A",6,110
65,"ACER.RUB","Slow_B",7,290
65,"ACER.RUB","Sng_Stem",8,5
65,"ACER.RUB","Sng_Oth",9,7
65,"ACER.RUB","Extra",10,0
66,"ACER.RUB","VF_A",1,17
66,"ACER.RUB","VF_B",2,3
66,"ACER.RUB","Fast_A",3,23
66,"ACER.RUB","Fast_B",4,3
66,"ACER.RUB","MED",5,8
66,"ACER.RUB","Slow_A",6,127
66,"ACER.RUB","Slow_B",7,325
66,"ACER.RUB","Sng_Stem",8,6
66,"ACER.RUB","Sng_Oth",9,7
66,"ACER.RUB","Extra",10,0
67,"ACER.RUB","VF_A",1,14
67,"ACER.RUB","VF_B",2,3
67,"ACER.RUB","Fast_A",3,25
67,"ACER.RUB","Fast_B",4,4
67,"ACER.RUB","MED",5,12
67,"ACER.RUB","Slow_A",6,142
67,"ACER.RUB","Slow_B",7,364
67,"ACER.RUB","Sng_Stem",8,8
67,"ACER.RUB","Sng_Oth",9,8
67,"ACER.RUB","Extra",10,0
68,"ACER.RUB","VF_A",1,16
68,"ACER.RUB","VF_B",2,3
68,"ACER.RUB","Fast_A",3,23
68,"ACER.RUB","Fast_B",4,4
68,"ACER.RUB","MED",5,19
68,"ACER.RUB","Slow_A",6,175
68,"ACER.RUB","Slow_B",7,459
68,"ACER.RUB","Sng_Stem",8,11
68,"ACER.RUB","Sng_Oth",9,5
68,"ACER.RUB","Extra",10,0
8,"ACER.SAH","VF_A",1,0
8,"ACER.SAH","VF_B",2,0
8,"ACER.SAH","Fast_A",3,0
8,"ACER.SAH","Fast_B",4,0
8,"ACER.SAH","MED",5,0
8,"ACER.SAH","Slow_A",6,0
8,"ACER.SAH","Slow_B",7,0
8,"ACER.SAH","Sng_Stem",8,0
8,"ACER.SAH","Sng_Oth",9,0
8,"ACER.SAH","Extra",10,0
9,"ACER.SAH","VF_A",1,0
9,"ACER.SAH","VF_B",2,0
9,"ACER.SAH","Fast_A",3,0
9,"ACER.SAH","Fast_B",4,0
9,"ACER.SAH","MED",5,0
9,"ACER.SAH","Slow_A",6,0
9,"ACER.SAH","Slow_B",7,0
9,"ACER.SAH","Sng_Stem",8,0
9,"ACER.SAH","Sng_Oth",9,0
9,"ACER.SAH","Extra",10,0
16,"ACER.SAH","VF_A",1,30
16,"ACER.SAH","VF_B",2,4
16,"ACER.SAH","Fast_A",3,57
16,"ACER.SAH","Fast_B",4,8
16,"ACER.SAH","MED",5,75
16,"ACER.SAH","Slow_A",6,511
16,"ACER.SAH","Slow_B",7,1300
16,"ACER.SAH","Sng_Stem",8,48
16,"ACER.SAH","Sng_Oth",9,24
16,"ACER.SAH","Extra",10,0
17,"ACER.SAH","VF_A",1,34
17,"ACER.SAH","VF_B",2,4
17,"ACER.SAH","Fast_A",3,64
17,"ACER.SAH","Fast_B",4,7
17,"ACER.SAH","MED",5,83
17,"ACER.SAH","Slow_A",6,537
17,"ACER.SAH","Slow_B",7,1319
17,"ACER.SAH","Sng_Stem",8,48
17,"ACER.SAH","Sng_Oth",9,28
17,"ACER.SAH","Extra",10,0
58,"ACER.SAH","VF_A",1,23
58,"ACER.SAH","VF_B",2,4
58,"ACER.SAH","Fast_A",3,53
58,"ACER.SAH","Fast_B",4,8
58,"ACER.SAH","MED",5,85
58,"ACER.SAH","Slow_A",6,438
58,"ACER.SAH","Slow_B",7,1118
58,"ACER.SAH","Sng_Stem",8,52
58,"ACER.SAH","Sng_Oth",9,19
58,"ACER.SAH","Extra",10,0
59,"ACER.SAH","VF_A",1,21
59,"ACER.SAH","VF_B",2,4
59,"ACER.SAH","Fast_A",3,57
59,"ACER.SAH","Fast_B",4,8
59,"ACER.SAH","MED",5,89
59,"ACER.SAH","Slow_A",6,465
59,"ACER.SAH","Slow_B",7,1170
59,"ACER.SAH","Sng_Stem",8,53
59,"ACER.SAH","Sng_Oth",9,24
59,"ACER.SAH","Extra",10,0
65,"ACER.SAH","VF_A",1,26
65,"ACER.SAH","VF_B",2,3
65,"ACER.SAH","Fast_A",3,47
65,"ACER.SAH","Fast_B",4,6
65,"ACER.SAH","MED",5,93
65,"ACER.SAH","Slow_A",6,385
65,"ACER.SAH","Slow_B",7,938
65,"ACER.SAH","Sng_Stem",8,49
65,"ACER.SAH","Sng_Oth",9,17
65,"ACER.SAH","Extra",10,0
66,"ACER.SAH","VF_A",1,28
66,"ACER.SAH","VF_B",2,4
66,"ACER.SAH","Fast_A",3,53
66,"ACER.SAH","Fast_B",4,7
66,"ACER.SAH","MED",5,104
66,"ACER.SAH","Slow_A",6,416
66,"ACER.SAH","Slow_B",7,1033
66,"ACER.SAH","Sng_Stem",8,57
66,"ACER.SAH","Sng_Oth",9,22
66,"ACER.SAH","Extra",10,0
67,"ACER.SAH","VF_A",1,30
67,"ACER.SAH","VF_B",2,4
67,"ACER.SAH","Fast_A",3,69
67,"ACER.SAH","Fast_B",4,7
67,"ACER.SAH","MED",5,112
67,"ACER.SAH","Slow_A",6,469
67,"ACER.SAH","Slow_B",7,1125
67,"ACER.SAH","Sng_Stem",8,63
67,"ACER.SAH","Sng_Oth",9,33
67,"ACER.SAH","Extra",10,0
68,"ACER.SAH","VF_A",1,42
68,"ACER.SAH","VF_B",2,6
68,"ACER.SAH","Fast_A",3,97
68,"ACER.SAH","Fast_B",4,10
68,"ACER.SAH","MED",5,155
68,"ACER.SAH","Slow_A",6,659
68,"ACER.SAH","Slow_B",7,1534
68,"ACER.SAH","Sng_Stem",8,88
68,"ACER.SAH","Sng_Oth",9,43
68,"ACER.SAH","Extra",10,0
8,"BETU.ALL","VF_A",1,0
8,"BETU.ALL","VF_B",2,0
8,"BETU.ALL","Fast_A",3,0
8,"BETU.ALL","Fast_B",4,0
8,"BETU.ALL","MED",5,0
8,"BETU.ALL","Slow_A",6,4
8,"BETU.ALL","Slow_B",7,16
8,"BETU.ALL","Sng_Stem",8,0
8,"BETU.ALL","Sng_Oth",9,0
8,"BETU.ALL","Extra",10,0
9,"BETU.ALL","VF_A",1,0
9,"BETU.ALL","VF_B",2,0
9,"BETU.ALL","Fast_A",3,0
9,"BETU.ALL","Fast_B",4,0
9,"BETU.ALL","MED",5,0
9,"BETU.ALL","Slow_A",6,4
9,"BETU.ALL","Slow_B",7,17
9,"BETU.ALL","Sng_Stem",8,0
9,"BETU.ALL","Sng_Oth",9,0
9,"BETU.ALL","Extra",10,0
16,"BETU.ALL","VF_A",1,18
16,"BETU.ALL","VF_B",2,2
16,"BETU.ALL","Fast_A",3,9
16,"BETU.ALL","Fast_B",4,2
16,"BETU.ALL","MED",5,5
16,"BETU.ALL","Slow_A",6,68
16,"BETU.ALL","Slow_B",7,172
16,"BETU.ALL","Sng_Stem",8,4
16,"BETU.ALL","Sng_Oth",9,1
16,"BETU.ALL","Extra",10,0
17,"BETU.ALL","VF_A",1,16
17,"BETU.ALL","VF_B",2,2
17,"BETU.ALL","Fast_A",3,15
17,"BETU.ALL","Fast_B",4,2
17,"BETU.ALL","MED",5,9
17,"BETU.ALL","Slow_A",6,90
17,"BETU.ALL","Slow_B",7,223
17,"BETU.ALL","Sng_Stem",8,8
17,"BETU.ALL","Sng_Oth",9,6
17,"BETU.ALL","Extra",10,0
58,"BETU.ALL","VF_A",1,10
58,"BETU.ALL","VF_B",2,2
58,"BETU.ALL","Fast_A",3,21
58,"BETU.ALL","Fast_B",4,2
58,"BETU.ALL","MED",5,12
58,"BETU.ALL","Slow_A",6,117
58,"BETU.ALL","Slow_B",7,303
58,"BETU.ALL","Sng_Stem",8,6
58,"BETU.ALL","Sng_Oth",9,10
58,"BETU.ALL","Extra",10,0
59,"BETU.ALL","VF_A",1,11
59,"BETU.ALL","VF_B",2,2
59,"BETU.ALL","Fast_A",3,18
59,"BETU.ALL","Fast_B",4,2
59,"BETU.ALL","MED",5,5
59,"BETU.ALL","Slow_A",6,99
59,"BETU.ALL","Slow_B",7,260
59,"BETU.ALL","Sng_Stem",8,4
59,"BETU.ALL","Sng_Oth",9,7
59,"BETU.ALL","Extra",10,0
65,"BETU.ALL","VF_A",1,9
65,"BETU.ALL","VF_B",2,1
65,"BETU.ALL","Fast_A",3,12
65,"BETU.ALL","Fast_B",4,2
65,"BETU.ALL","MED",5,18
65,"BETU.ALL","Slow_A",6,104
65,"BETU.ALL","Slow_B",7,270
65,"BETU.ALL","Sng_Stem",8,8
65,"BETU.ALL","Sng_Oth",9,4
65,"BETU.ALL","Extra",10,0
66,"BETU.ALL","VF_A",1,14
66,"BETU.ALL","VF_B",2,2
66,"BETU.ALL","Fast_A",3,20
66,"BETU.ALL","Fast_B",4,2
66,"BETU.ALL","MED",5,14
66,"BETU.ALL","Slow_A",6,113
66,"BETU.ALL","Slow_B",7,282
66,"BETU.ALL","Sng_Stem",8,7
66,"BETU.ALL","Sng_Oth",9,8
66,"BETU.ALL","Extra",10,0
67,"BETU.ALL","VF_A",1,12
67,"BETU.ALL","VF_B",2,2
67,"BETU.ALL","Fast_A",3,18
67,"BETU.ALL","Fast_B",4,3
67,"BETU.ALL","MED",5,44
67,"BETU.ALL","Slow_A",6,172
67,"BETU.ALL","Slow_B",7,445
67,"BETU.ALL","Sng_Stem",8,19
67,"BETU.ALL","Sng_Oth",9,8
67,"BETU.ALL","Extra",10,0
68,"BETU.ALL","VF_A",1,16
68,"BETU.ALL","VF_B",2,2
68,"BETU.ALL","Fast_A",3,10
68,"BETU.ALL","Fast_B",4,3
68,"BETU.ALL","MED",5,19
68,"BETU.ALL","Slow_A",6,104
68,"BETU.ALL","Slow_B",7,275
68,"BETU.ALL","Sng_Stem",8,7
68,"BETU.ALL","Sng_Oth",9,3
68,"BETU.ALL","Extra",10,0
8,"BETU.PAP","VF_A",1,0
8,"BETU.PAP","VF_B",2,0
8,"BETU.PAP","Fast_A",3,0
8,"BETU.PAP","Fast_B",4,0
8,"BETU.PAP","MED",5,0
8,"BETU.PAP","Slow_A",6,0
8,"BETU.PAP","Slow_B",7,0
8,"BETU.PAP","Sng_Stem",8,0
8,"BETU.PAP","Sng_Oth",9,0
8,"BETU.PAP","Extra",10,0
9,"BETU.PAP","VF_A",1,0
9,"BETU.PAP","VF_B",2,0
9,"BETU.PAP","Fast_A",3,0
9,"BETU.PAP","Fast_B",4,0
9,"BETU.PAP","MED",5,0
9,"BETU.PAP","Slow_A",6,0
9,"BETU.PAP","Slow_B",7,0
9,"BETU.PAP","Sng_Stem",8,0
9,"BETU.PAP","Sng_Oth",9,0
9,"BETU.PAP","Extra",10,0
16,"BETU.PAP","VF_A",1,15
16,"BETU.PAP","VF_B",2,7
16,"BETU.PAP","Fast_A",3,9
16,"BETU.PAP","Fast_B",4,7
16,"BETU.PAP","MED",5,26
16,"BETU.PAP","Slow_A",6,161
16,"BETU.PAP","Slow_B",7,512
16,"BETU.PAP","Sng_Stem",8,8
16,"BETU.PAP","Sng_Oth",9,0
16,"BETU.PAP","Extra",10,0
17,"BETU.PAP","VF_A",1,16
17,"BETU.PAP","VF_B",2,7
17,"BETU.PAP","Fast_A",3,10
17,"BETU.PAP","Fast_B",4,8
17,"BETU.PAP","MED",5,28
17,"BETU.PAP","Slow_A",6,174
17,"BETU.PAP","Slow_B",7,550
17,"BETU.PAP","Sng_Stem",8,9
17,"BETU.PAP","Sng_Oth",9,0
17,"BETU.PAP","Extra",10,0
58,"BETU.PAP","VF_A",1,14
58,"BETU.PAP","VF_B",2,6
58,"BETU.PAP","Fast_A",3,9
58,"BETU.PAP","Fast_B",4,7
58,"BETU.PAP","MED",5,23
58,"BETU.PAP","Slow_A",6,147
58,"BETU.PAP","Slow_B",7,470
58,"BETU.PAP","Sng_Stem",8,7
58,"BETU.PAP","Sng_Oth",9,0
58,"BETU.PAP","Extra",10,0
59,"BETU.PAP","VF_A",1,12
59,"BETU.PAP","VF_B",2,5
59,"BETU.PAP","Fast_A",3,7
59,"BETU.PAP","Fast_B",4,6
59,"BETU.PAP","MED",5,14
59,"BETU.PAP","Slow_A",6,116
59,"BETU.PAP","Slow_B",7,385
59,"BETU.PAP","Sng_Stem",8,4
59,"BETU.PAP","Sng_Oth",9,1
59,"BETU.PAP","Extra",10,0
65,"BETU.PAP","VF_A",1,15
65,"BETU.PAP","VF_B",2,6
65,"BETU.PAP","Fast_A",3,9
65,"BETU.PAP","Fast_B",4,6
65,"BETU.PAP","MED",5,26
65,"BETU.PAP","Slow_A",6,141
65,"BETU.PAP","Slow_B",7,424
65,"BETU.PAP","Sng_Stem",8,8
65,"BETU.PAP","Sng_Oth",9,1
65,"BETU.PAP","Extra",10,0
66,"BETU.PAP","VF_A",1,18
66,"BETU.PAP","VF_B",2,7
66,"BETU.PAP","Fast_A",3,11
66,"BETU.PAP","Fast_B",4,7
66,"BETU.PAP","MED",5,30
66,"BETU.PAP","Slow_A",6,161
66,"BETU.PAP","Slow_B",7,475
66,"BETU.PAP","Sng_Stem",8,9
66,"BETU.PAP","Sng_Oth",9,2
66,"BETU.PAP","Extra",10,0
67,"BETU.PAP","VF_A",1,10
67,"BETU.PAP","VF_B",2,4
67,"BETU.PAP","Fast_A",3,6
67,"BETU.PAP","Fast_B",4,4
67,"BETU.PAP","MED",5,15
67,"BETU.PAP","Slow_A",6,101
67,"BETU.PAP","Slow_B",7,318
67,"BETU.PAP","Sng_Stem",8,4
67,"BETU.PAP","Sng_Oth",9,0
67,"BETU.PAP","Extra",10,0
68,"BETU.PAP","VF_A",1,18
68,"BETU.PAP","VF_B",2,8
68,"BETU.PAP","Fast_A",3,11
68,"BETU.PAP","Fast_B",4,9
68,"BETU.PAP","MED",5,25
68,"BETU.PAP","Slow_A",6,192
68,"BETU.PAP","Slow_B",7,599
68,"BETU.PAP","Sng_Stem",8,7
68,"BETU.PAP","Sng_Oth",9,0
68,"BETU.PAP","Extra",10,0
8,"FAGU.GRA","VF_A",1,0
8,"FAGU.GRA","VF_B",2,0
8,"FAGU.GRA","Fast_A",3,0
8,"FAGU.GRA","Fast_B",4,0
8,"FAGU.GRA","MED",5,0
8,"FAGU.GRA","Slow_A",6,0
8,"FAGU.GRA","Slow_B",7,0
8,"FAGU.GRA","Sng_Stem",8,0
8,"FAGU.GRA","Sng_Oth",9,0
8,"FAGU.GRA","Extra",10,0
9,"FAGU.GRA","VF_A",1,0
9,"FAGU.GRA","VF_B",2,0
9,"FAGU.GRA","Fast_A",3,0
9,"FAGU.GRA","Fast_B",4,0
9,"FAGU.GRA","MED",5,0
9,"FAGU.GRA","Slow_A",6,0
9,"FAGU.GRA","Slow_B",7,0
9,"FAGU.GRA","Sng_Stem",8,0
9,"FAGU.GRA","Sng_Oth",9,0
9,"FAGU.GRA","Extra",10,0
16,"FAGU.GRA","VF_A",1,34
16,"FAGU.GRA","VF_B",2,4
16,"FAGU.GRA","Fast_A",3,102
16,"FAGU.GRA","Fast_B",4,8
16,"FAGU.GRA","MED",5,228
16,"FAGU.GRA","Slow_A",6,776
16,"FAGU.GRA","Slow_B",7,1798
16,"FAGU.GRA","Sng_Stem",8,153
16,"FAGU.GRA","Sng_Oth",9,46
16,"FAGU.GRA","Extra",10,0
17,"FAGU.GRA","VF_A",1,38
17,"FAGU.GRA","VF_B",2,4
17,"FAGU.GRA","Fast_A",3,100
17,"FAGU.GRA","Fast_B",4,8
17,"FAGU.GRA","MED",5,189
17,"FAGU.GRA","Slow_A",6,736
17,"FAGU.GRA","Slow_B",7,1684
17,"FAGU.GRA","Sng_Stem",8,125
17,"FAGU.GRA","Sng_Oth",9,48
17,"FAGU.GRA","Extra",10,0
58,"FAGU.GRA","VF_A",1,31
58,"FAGU.GRA","VF_B",2,4
58,"FAGU.GRA","Fast_A",3,90
58,"FAGU.GRA","Fast_B",4,8
58,"FAGU.GRA","MED",5,250
58,"FAGU.GRA","Slow_A",6,742
58,"FAGU.GRA","Slow_B",7,1725
58,"FAGU.GRA","Sng_Stem",8,153
58,"FAGU.GRA","Sng_Oth",9,35
58,"FAGU.GRA","Extra",10,0
59,"FAGU.GRA","VF_A",1,26
59,"FAGU.GRA","VF_B",2,4
59,"FAGU.GRA","Fast_A",3,80
59,"FAGU.GRA","Fast_B",4,9
59,"FAGU.GRA","MED",5,190
59,"FAGU.GRA","Slow_A",6,727
59,"FAGU.GRA","Slow_B",7,1737
59,"FAGU.GRA","Sng_Stem",8,120
59,"FAGU.GRA","Sng_Oth",9,30
59,"FAGU.GRA","Extra",10,0
65,"FAGU.GRA","VF_A",1,16
65,"FAGU.GRA","VF_B",2,2
65,"FAGU.GRA","Fast_A",3,36
65,"FAGU.GRA","Fast_B",4,4
65,"FAGU.GRA","MED",5,160
65,"FAGU.GRA","Slow_A",6,371
65,"FAGU.GRA","Slow_B",7,914
65,"FAGU.GRA","Sng_Stem",8,77
65,"FAGU.GRA","Sng_Oth",9,14
65,"FAGU.GRA","Extra",10,0
66,"FAGU.GRA","VF_A",1,20
66,"FAGU.GRA","VF_B",2,2
66,"FAGU.GRA","Fast_A",3,51
66,"FAGU.GRA","Fast_B",4,4
66,"FAGU.GRA","MED",5,225
66,"FAGU.GRA","Slow_A",6,519
66,"FAGU.GRA","Slow_B",7,1235
66,"FAGU.GRA","Sng_Stem",8,109
66,"FAGU.GRA","Sng_Oth",9,18
66,"FAGU.GRA","Extra",10,0
67,"FAGU.GRA","VF_A",1,31
67,"FAGU.GRA","VF_B",2,3
67,"FAGU.GRA","Fast_A",3,80
67,"FAGU.GRA","Fast_B",4,6
67,"FAGU.GRA","MED",5,234
67,"FAGU.GRA","Slow_A",6,565
67,"FAGU.GRA","Slow_B",7,1298
67,"FAGU.GRA","Sng_Stem",8,137
67,"FAGU.GRA","Sng_Oth",9,33
67,"FAGU.GRA","Extra",10,0
68,"FAGU.GRA","VF_A",1,26
68,"FAGU.GRA","VF_B",2,3
68,"FAGU.GRA","Fast_A",3,69
68,"FAGU.GRA","Fast_B",4,7
68,"FAGU.GRA","MED",5,227
68,"FAGU.GRA","Slow_A",6,590
68,"FAGU.GRA","Slow_B",7,1420
68,"FAGU.GRA","Sng_Stem",8,121
68,"FAGU.GRA","Sng_Oth",9,27
68,"FAGU.GRA","Extra",10,0
8,"LARI.LAR","VF_A",1,7
8,"LARI.LAR","VF_B",2,1
8,"LARI.LAR","Fast_A",3,1
8,"LARI.LAR","Fast_B",4,1
8,"LARI.LAR","MED",5,0
8,"LARI.LAR","Slow_A",6,13
8,"LARI.LAR","Slow_B",7,30
8,"LARI.LAR","Sng_Stem",8,0
8,"LARI.LAR","Sng_Oth",9,0
8,"LARI.LAR","Extra",10,0
9,"LARI.LAR","VF_A",1,4
9,"LARI.LAR","VF_B",2,0
9,"LARI.LAR","Fast_A",3,1
9,"LARI.LAR","Fast_B",4,0
9,"LARI.LAR","MED",5,0
9,"LARI.LAR","Slow_A",6,10
9,"LARI.LAR","Slow_B",7,24
9,"LARI.LAR","Sng_Stem",8,0
9,"LARI.LAR","Sng_Oth",9,0
9,"LARI.LAR","Extra",10,0
16,"LARI.LAR","VF_A",1,8
16,"LARI.LAR","VF_B",2,2
16,"LARI.LAR","Fast_A",3,13
16,"LARI.LAR","Fast_B",4,2
16,"LARI.LAR","MED",5,25
16,"LARI.LAR","Slow_A",6,86
16,"LARI.LAR","Slow_B",7,213
16,"LARI.LAR","Sng_Stem",8,16
16,"LARI.LAR","Sng_Oth",9,4
16,"LARI.LAR","Extra",10,0
17,"LARI.LAR","VF_A",1,14
17,"LARI.LAR","VF_B",2,3
17,"LARI.LAR","Fast_A",3,31
17,"LARI.LAR","Fast_B",4,3
17,"LARI.LAR","MED",5,52
17,"LARI.LAR","Slow_A",6,150
17,"LARI.LAR","Slow_B",7,344
17,"LARI.LAR","Sng_Stem",8,39
17,"LARI.LAR","Sng_Oth",9,14
17,"LARI.LAR","Extra",10,0
58,"LARI.LAR","VF_A",1,4
58,"LARI.LAR","VF_B",2,1
58,"LARI.LAR","Fast_A",3,2
58,"LARI.LAR","Fast_B",4,1
58,"LARI.LAR","MED",5,3
58,"LARI.LAR","Slow_A",6,29
58,"LARI.LAR","Slow_B",7,96
58,"LARI.LAR","Sng_Stem",8,1
58,"LARI.LAR","Sng_Oth",9,0
58,"LARI.LAR","Extra",10,0
59,"LARI.LAR","VF_A",1,0
59,"LARI.LAR","VF_B",2,0
59,"LARI.LAR","Fast_A",3,0
59,"LARI.LAR","Fast_B",4,0
59,"LARI.LAR","MED",5,0
59,"LARI.LAR","Slow_A",6,5
59,"LARI.LAR","Slow_B",7,18
59,"LARI.LAR","Sng_Stem",8,0
59,"LARI.LAR","Sng_Oth",9,0
59,"LARI.LAR","Extra",10,0
65,"LARI.LAR","VF_A",1,3
65,"LARI.LAR","VF_B",2,1
65,"LARI.LAR","Fast_A",3,1
65,"LARI.LAR","Fast_B",4,1
65,"LARI.LAR","MED",5,0
65,"LARI.LAR","Slow_A",6,12
65,"LARI.LAR","Slow_B",7,39
65,"LARI.LAR","Sng_Stem",8,0
65,"LARI.LAR","Sng_Oth",9,0
65,"LARI.LAR","Extra",10,0
66,"LARI.LAR","VF_A",1,0
66,"LARI.LAR","VF_B",2,0
66,"LARI.LAR","Fast_A",3,0
66,"LARI.LAR","Fast_B",4,0
66,"LARI.LAR","MED",5,0
66,"LARI.LAR","Slow_A",6,4
66,"LARI.LAR","Slow_B",7,15
66,"LARI.LAR","Sng_Stem",8,0
66,"LARI.LAR","Sng_Oth",9,0
66,"LARI.LAR","Extra",10,0
67,"LARI.LAR","VF_A",1,0
67,"LARI.LAR","VF_B",2,0
67,"LARI.LAR","Fast_A",3,0
67,"LARI.LAR","Fast_B",4,0
67,"LARI.LAR","MED",5,0
67,"LARI.LAR","Slow_A",6,8
67,"LARI.LAR","Slow_B",7,32
67,"LARI.LAR","Sng_Stem",8,0
67,"LARI.LAR","Sng_Oth",9,0
67,"LARI.LAR","Extra",10,0
68,"LARI.LAR","VF_A",1,0
68,"LARI.LAR","VF_B",2,0
68,"LARI.LAR","Fast_A",3,0
68,"LARI.LAR","Fast_B",4,0
68,"LARI.LAR","MED",5,0
68,"LARI.LAR","Slow_A",6,10
68,"LARI.LAR","Slow_B",7,39
68,"LARI.LAR","Sng_Stem",8,0
68,"LARI.LAR","Sng_Oth",9,0
68,"LARI.LAR","Extra",10,0
8,"PICE.GLA","VF_A",1,0
8,"PICE.GLA","VF_B",2,0
8,"PICE.GLA","Fast_A",3,0
8,"PICE.GLA","Fast_B",4,0
8,"PICE.GLA","MED",5,0
8,"PICE.GLA","Slow_A",6,0
8,"PICE.GLA","Slow_B",7,0
8,"PICE.GLA","Sng_Stem",8,0
8,"PICE.GLA","Sng_Oth",9,0
8,"PICE.GLA","Extra",10,0
9,"PICE.GLA","VF_A",1,0
9,"PICE.GLA","VF_B",2,0
9,"PICE.GLA","Fast_A",3,0
9,"PICE.GLA","Fast_B",4,0
9,"PICE.GLA","MED",5,0
9,"PICE.GLA","Slow_A",6,0
9,"PICE.GLA","Slow_B",7,0
9,"PICE.GLA","Sng_Stem",8,0
9,"PICE.GLA","Sng_Oth",9,0
9,"PICE.GLA","Extra",10,0
16,"PICE.GLA","VF_A",1,135
16,"PICE.GLA","VF_B",2,13
16,"PICE.GLA","Fast_A",3,240
16,"PICE.GLA","Fast_B",4,22
16,"PICE.GLA","MED",5,477
16,"PICE.GLA","Slow_A",6,1029
16,"PICE.GLA","Slow_B",7,2043
16,"PICE.GLA","Sng_Stem",8,401
16,"PICE.GLA","Sng_Oth",9,148
16,"PICE.GLA","Extra",10,0
17,"PICE.GLA","VF_A",1,123
17,"PICE.GLA","VF_B",2,12
17,"PICE.GLA","Fast_A",3,215
17,"PICE.GLA","Fast_B",4,22
17,"PICE.GLA","MED",5,473
17,"PICE.GLA","Slow_A",6,974
17,"PICE.GLA","Slow_B",7,1952
17,"PICE.GLA","Sng_Stem",8,405
17,"PICE.GLA","Sng_Oth",9,128
17,"PICE.GLA","Extra",10,0
58,"PICE.GLA","VF_A",1,102
58,"PICE.GLA","VF_B",2,12
58,"PICE.GLA","Fast_A",3,210
58,"PICE.GLA","Fast_B",4,24
58,"PICE.GLA","MED",5,622
58,"PICE.GLA","Slow_A",6,1128
58,"PICE.GLA","Slow_B",7,2360
58,"PICE.GLA","Sng_Stem",8,454
58,"PICE.GLA","Sng_Oth",9,111
58,"PICE.GLA","Extra",10,0
59,"PICE.GLA","VF_A",1,108
59,"PICE.GLA","VF_B",2,13
59,"PICE.GLA","Fast_A",3,244
59,"PICE.GLA","Fast_B",4,27
59,"PICE.GLA","MED",5,742
59,"PICE.GLA","Slow_A",6,1369
59,"PICE.GLA","Slow_B",7,2862
59,"PICE.GLA","Sng_Stem",8,553
59,"PICE.GLA","Sng_Oth",9,125
59,"PICE.GLA","Extra",10,0
65,"PICE.GLA","VF_A",1,60
65,"PICE.GLA","VF_B",2,8
65,"PICE.GLA","Fast_A",3,111
65,"PICE.GLA","Fast_B",4,16
65,"PICE.GLA","MED",5,521
65,"PICE.GLA","Slow_A",6,842
65,"PICE.GLA","Slow_B",7,1837
65,"PICE.GLA","Sng_Stem",8,309
65,"PICE.GLA","Sng_Oth",9,44
65,"PICE.GLA","Extra",10,0
66,"PICE.GLA","VF_A",1,82
66,"PICE.GLA","VF_B",2,11
66,"PICE.GLA","Fast_A",3,154
66,"PICE.GLA","Fast_B",4,21
66,"PICE.GLA","MED",5,777
66,"PICE.GLA","Slow_A",6,1229
66,"PICE.GLA","Slow_B",7,2602
66,"PICE.GLA","Sng_Stem",8,465
66,"PICE.GLA","Sng_Oth",9,62
66,"PICE.GLA","Extra",10,0
67,"PICE.GLA","VF_A",1,94
67,"PICE.GLA","VF_B",2,11
67,"PICE.GLA","Fast_A",3,161
67,"PICE.GLA","Fast_B",4,20
67,"PICE.GLA","MED",5,568
67,"PICE.GLA","Slow_A",6,950
67,"PICE.GLA","Slow_B",7,2049
67,"PICE.GLA","Sng_Stem",8,381
67,"PICE.GLA","Sng_Oth",9,86
67,"PICE.GLA","Extra",10,0
68,"PICE.GLA","VF_A",1,84
68,"PICE.GLA","VF_B",2,10
68,"PICE.GLA","Fast_A",3,168
68,"PICE.GLA","Fast_B",4,20
68,"PICE.GLA","MED",5,766
68,"PICE.GLA","Slow_A",6,1246
68,"PICE.GLA","Slow_B",7,2584
68,"PICE.GLA","Sng_Stem",8,482
68,"PICE.GLA","Sng_Oth",9,70
68,"PICE.GLA","Extra",10,0
8,"PICE.MAR","VF_A",1,0
8,"PICE.MAR","VF_B",2,0
8,"PICE.MAR","Fast_A",3,0
8,"PICE.MAR","Fast_B",4,0
8,"PICE.MAR","MED",5,0
8,"PICE.MAR","Slow_A",6,0
8,"PICE.MAR","Slow_B",7,0
8,"PICE.MAR","Sng_Stem",8,0
8,"PICE.MAR","Sng_Oth",9,0
8,"PICE.MAR","Extra",10,0
9,"PICE.MAR","VF_A",1,0
9,"PICE.MAR","VF_B",2,0
9,"PICE.MAR","Fast_A",3,0
9,"PICE.MAR","Fast_B",4,0
9,"PICE.MAR","MED",5,0
9,"PICE.MAR","Slow_A",6,0
9,"PICE.MAR","Slow_B",7,0
9,"PICE.MAR","Sng_Stem",8,0
9,"PICE.MAR","Sng_Oth",9,0
9,"PICE.MAR","Extra",10,0
16,"PICE.MAR","VF_A",1,81
16,"PICE.MAR","VF_B",2,9
16,"PICE.MAR","Fast_A",3,147
16,"PICE.MAR","Fast_B",4,16
16,"PICE.MAR","MED",5,389
16,"PICE.MAR","Slow_A",6,809
16,"PICE.MAR","Slow_B",7,1690
16,"PICE.MAR","Sng_Stem",8,317
16,"PICE.MAR","Sng_Oth",9,78
16,"PICE.MAR","Extra",10,0
17,"PICE.MAR","VF_A",1,85
17,"PICE.MAR","VF_B",2,11
17,"PICE.MAR","Fast_A",3,160
17,"PICE.MAR","Fast_B",4,18
17,"PICE.MAR","MED",5,422
17,"PICE.MAR","Slow_A",6,885
17,"PICE.MAR","Slow_B",7,1885
17,"PICE.MAR","Sng_Stem",8,341
17,"PICE.MAR","Sng_Oth",9,85
17,"PICE.MAR","Extra",10,0
58,"PICE.MAR","VF_A",1,75
58,"PICE.MAR","VF_B",2,10
58,"PICE.MAR","Fast_A",3,154
58,"PICE.MAR","Fast_B",4,17
58,"PICE.MAR","MED",5,352
58,"PICE.MAR","Slow_A",6,790
58,"PICE.MAR","Slow_B",7,1711
58,"PICE.MAR","Sng_Stem",8,239
58,"PICE.MAR","Sng_Oth",9,79
58,"PICE.MAR","Extra",10,0
59,"PICE.MAR","VF_A",1,61
59,"PICE.MAR","VF_B",2,13
59,"PICE.MAR","Fast_A",3,135
59,"PICE.MAR","Fast_B",4,17
59,"PICE.MAR","MED",5,312
59,"PICE.MAR","Slow_A",6,770
59,"PICE.MAR","Slow_B",7,1763
59,"PICE.MAR","Sng_Stem",8,194
59,"PICE.MAR","Sng_Oth",9,66
59,"PICE.MAR","Extra",10,0
65,"PICE.MAR","VF_A",1,95
65,"PICE.MAR","VF_B",2,11
65,"PICE.MAR","Fast_A",3,178
65,"PICE.MAR","Fast_B",4,17
65,"PICE.MAR","MED",5,428
65,"PICE.MAR","Slow_A",6,914
65,"PICE.MAR","Slow_B",7,1905
65,"PICE.MAR","Sng_Stem",8,238
65,"PICE.MAR","Sng_Oth",9,87
65,"PICE.MAR","Extra",10,0
66,"PICE.MAR","VF_A",1,97
66,"PICE.MAR","VF_B",2,11
66,"PICE.MAR","Fast_A",3,190
66,"PICE.MAR","Fast_B",4,19
66,"PICE.MAR","MED",5,484
66,"PICE.MAR","Slow_A",6,997
66,"PICE.MAR","Slow_B",7,2067
66,"PICE.MAR","Sng_Stem",8,274
66,"PICE.MAR","Sng_Oth",9,93
66,"PICE.MAR","Extra",10,0
67,"PICE.MAR","VF_A",1,62
67,"PICE.MAR","VF_B",2,8
67,"PICE.MAR","Fast_A",3,131
67,"PICE.MAR","Fast_B",4,13
67,"PICE.MAR","MED",5,370
67,"PICE.MAR","Slow_A",6,770
67,"PICE.MAR","Slow_B",7,1657
67,"PICE.MAR","Sng_Stem",8,197
67,"PICE.MAR","Sng_Oth",9,64
67,"PICE.MAR","Extra",10,0
68,"PICE.MAR","VF_A",1,46
68,"PICE.MAR","VF_B",2,6
68,"PICE.MAR","Fast_A",3,97
68,"PICE.MAR","Fast_B",4,9
68,"PICE.MAR","MED",5,280
68,"PICE.MAR","Slow_A",6,620
68,"PICE.MAR","Slow_B",7,1369
68,"PICE.MAR","Sng_Stem",8,139
68,"PICE.MAR","Sng_Oth",9,45
68,"PICE.MAR","Extra",10,0
8,"PICE.RUB","VF_A",1,440
8,"PICE.RUB","VF_B",2,19
8,"PICE.RUB","Fast_A",3,1032
8,"PICE.RUB","Fast_B",4,53
8,"PICE.RUB","MED",5,5017
8,"PICE.RUB","Slow_A",6,7311
8,"PICE.RUB","Slow_B",7,13508
8,"PICE.RUB","Sng_Stem",8,4334
8,"PICE.RUB","Sng_Oth",9,521
8,"PICE.RUB","Extra",10,0
9,"PICE.RUB","VF_A",1,425
9,"PICE.RUB","VF_B",2,18
9,"PICE.RUB","Fast_A",3,1001
9,"PICE.RUB","Fast_B",4,52
9,"PICE.RUB","MED",5,4871
9,"PICE.RUB","Slow_A",6,7093
9,"PICE.RUB","Slow_B",7,13120
9,"PICE.RUB","Sng_Stem",8,4211
9,"PICE.RUB","Sng_Oth",9,506
9,"PICE.RUB","Extra",10,0
16,"PICE.RUB","VF_A",1,246
16,"PICE.RUB","VF_B",2,13
16,"PICE.RUB","Fast_A",3,478
16,"PICE.RUB","Fast_B",4,29
16,"PICE.RUB","MED",5,1822
16,"PICE.RUB","Slow_A",6,2914
16,"PICE.RUB","Slow_B",7,5501
16,"PICE.RUB","Sng_Stem",8,1396
16,"PICE.RUB","Sng_Oth",9,265
16,"PICE.RUB","Extra",10,0
17,"PICE.RUB","VF_A",1,315
17,"PICE.RUB","VF_B",2,15
17,"PICE.RUB","Fast_A",3,661
17,"PICE.RUB","Fast_B",4,36
17,"PICE.RUB","MED",5,2393
17,"PICE.RUB","Slow_A",6,3956
17,"PICE.RUB","Slow_B",7,7396
17,"PICE.RUB","Sng_Stem",8,1880
17,"PICE.RUB","Sng_Oth",9,363
17,"PICE.RUB","Extra",10,0
58,"PICE.RUB","VF_A",1,298
58,"PICE.RUB","VF_B",2,12
58,"PICE.RUB","Fast_A",3,780
58,"PICE.RUB","Fast_B",4,36
58,"PICE.RUB","MED",5,2684
58,"PICE.RUB","Slow_A",6,4628
58,"PICE.RUB","Slow_B",7,8872
58,"PICE.RUB","Sng_Stem",8,1651
58,"PICE.RUB","Sng_Oth",9,383
58,"PICE.RUB","Extra",10,0
59,"PICE.RUB","VF_A",1,214
59,"PICE.RUB","VF_B",2,10
59,"PICE.RUB","Fast_A",3,665
59,"PICE.RUB","Fast_B",4,32
59,"PICE.RUB","MED",5,2107
59,"PICE.RUB","Slow_A",6,3845
59,"PICE.RUB","Slow_B",7,7233
59,"PICE.RUB","Sng_Stem",8,1447
59,"PICE.RUB","Sng_Oth",9,301
59,"PICE.RUB","Extra",10,0
65,"PICE.RUB","VF_A",1,327
65,"PICE.RUB","VF_B",2,15
65,"PICE.RUB","Fast_A",3,769
65,"PICE.RUB","Fast_B",4,41
65,"PICE.RUB","MED",5,3064
65,"PICE.RUB","Slow_A",6,4831
65,"PICE.RUB","Slow_B",7,9205
65,"PICE.RUB","Sng_Stem",8,1826
65,"PICE.RUB","Sng_Oth",9,337
65,"PICE.RUB","Extra",10,0
66,"PICE.RUB","VF_A",1,231
66,"PICE.RUB","VF_B",2,14
66,"PICE.RUB","Fast_A",3,543
66,"PICE.RUB","Fast_B",4,36
66,"PICE.RUB","MED",5,2086
66,"PICE.RUB","Slow_A",6,3277
66,"PICE.RUB","Slow_B",7,6364
66,"PICE.RUB","Sng_Stem",8,1268
66,"PICE.RUB","Sng_Oth",9,244
66,"PICE.RUB","Extra",10,0
67,"PICE.RUB","VF_A",1,194
67,"PICE.RUB","VF_B",2,12
67,"PICE.RUB","Fast_A",3,457
67,"PICE.RUB","Fast_B",4,29
67,"PICE.RUB","MED",5,1999
67,"PICE.RUB","Slow_A",6,3162
67,"PICE.RUB","Slow_B",7,6185
67,"PICE.RUB","Sng_Stem",8,1183
67,"PICE.RUB","Sng_Oth",9,197
67,"PICE.RUB","Extra",10,0
68,"PICE.RUB","VF_A",1,175
68,"PICE.RUB","VF_B",2,10
68,"PICE.RUB","Fast_A",3,317
68,"PICE.RUB","Fast_B",4,22
68,"PICE.RUB","MED",5,1462
68,"PICE.RUB","Slow_A",6,2461
68,"PICE.RUB","Slow_B",7,4742
68,"PICE.RUB","Sng_Stem",8,862
68,"PICE.RUB","Sng_Oth",9,117
68,"PICE.RUB","Extra",10,0
8,"PINU.BAN","VF_A",1,0
8,"PINU.BAN","VF_B",2,0
8,"PINU.BAN","Fast_A",3,0
8,"PINU.BAN","Fast_B",4,0
8,"PINU.BAN","MED",5,0
8,"PINU.BAN","Slow_A",6,0
8,"PINU.BAN","Slow_B",7,0
8,"PINU.BAN","Sng_Stem",8,0
8,"PINU.BAN","Sng_Oth",9,0
8,"PINU.BAN","Extra",10,0
9,"PINU.BAN","VF_A",1,0
9,"PINU.BAN","VF_B",2,0
9,"PINU.BAN","Fast_A",3,0
9,"PINU.BAN","Fast_B",4,0
9,"PINU.BAN","MED",5,0
9,"PINU.BAN","Slow_A",6,0
9,"PINU.BAN","Slow_B",7,0
9,"PINU.BAN","Sng_Stem",8,0
9,"PINU.BAN","Sng_Oth",9,0
9,"PINU.BAN","Extra",10,0
16,"PINU.BAN","VF_A",1,34
16,"PINU.BAN","VF_B",2,5
16,"PINU.BAN","Fast_A",3,209
16,"PINU.BAN","Fast_B",4,17
16,"PINU.BAN","MED",5,471
16,"PINU.BAN","Slow_A",6,1253
16,"PINU.BAN","Slow_B",7,2636
16,"PINU.BAN","Sng_Stem",8,289
16,"PINU.BAN","Sng_Oth",9,61
16,"PINU.BAN","Extra",10,0
17,"PINU.BAN","VF_A",1,43
17,"PINU.BAN","VF_B",2,7
17,"PINU.BAN","Fast_A",3,213
17,"PINU.BAN","Fast_B",4,18
17,"PINU.BAN","MED",5,581
17,"PINU.BAN","Slow_A",6,1374
17,"PINU.BAN","Slow_B",7,2863
17,"PINU.BAN","Sng_Stem",8,378
17,"PINU.BAN","Sng_Oth",9,68
17,"PINU.BAN","Extra",10,0
58,"PINU.BAN","VF_A",1,207
58,"PINU.BAN","VF_B",2,15
58,"PINU.BAN","Fast_A",3,407
58,"PINU.BAN","Fast_B",4,26
58,"PINU.BAN","MED",5,577
58,"PINU.BAN","Slow_A",6,1290
58,"PINU.BAN","Slow_B",7,2366
58,"PINU.BAN","Sng_Stem",8,428
58,"PINU.BAN","Sng_Oth",9,307
58,"PINU.BAN","Extra",10,0
59,"PINU.BAN","VF_A",1,150
59,"PINU.BAN","VF_B",2,14
59,"PINU.BAN","Fast_A",3,304
59,"PINU.BAN","Fast_B",4,27
59,"PINU.BAN","MED",5,711
59,"PINU.BAN","Slow_A",6,1372
59,"PINU.BAN","Slow_B",7,2702
59,"PINU.BAN","Sng_Stem",8,572
59,"PINU.BAN","Sng_Oth",9,197
59,"PINU.BAN","Extra",10,0
65,"PINU.BAN","VF_A",1,103
65,"PINU.BAN","VF_B",2,11
65,"PINU.BAN","Fast_A",3,166
65,"PINU.BAN","Fast_B",4,19
65,"PINU.BAN","MED",5,301
65,"PINU.BAN","Slow_A",6,777
65,"PINU.BAN","Slow_B",7,1696
65,"PINU.BAN","Sng_Stem",8,163
65,"PINU.BAN","Sng_Oth",9,100
65,"PINU.BAN","Extra",10,0
66,"PINU.BAN","VF_A",1,163
66,"PINU.BAN","VF_B",2,17
66,"PINU.BAN","Fast_A",3,244
66,"PINU.BAN","Fast_B",4,30
66,"PINU.BAN","MED",5,426
66,"PINU.BAN","Slow_A",6,1066
66,"PINU.BAN","Slow_B",7,2346
66,"PINU.BAN","Sng_Stem",8,246
66,"PINU.BAN","Sng_Oth",9,163
66,"PINU.BAN","Extra",10,0
67,"PINU.BAN","VF_A",1,241
67,"PINU.BAN","VF_B",2,15
67,"PINU.BAN","Fast_A",3,468
67,"PINU.BAN","Fast_B",4,26
67,"PINU.BAN","MED",5,533
67,"PINU.BAN","Slow_A",6,1286
67,"PINU.BAN","Slow_B",7,2289
67,"PINU.BAN","Sng_Stem",8,358
67,"PINU.BAN","Sng_Oth",9,347
67,"PINU.BAN","Extra",10,0
68,"PINU.BAN","VF_A",1,245
68,"PINU.BAN","VF_B",2,15
68,"PINU.BAN","Fast_A",3,525
68,"PINU.BAN","Fast_B",4,26
68,"PINU.BAN","MED",5,559
68,"PINU.BAN","Slow_A",6,1349
68,"PINU.BAN","Slow_B",7,2311
68,"PINU.BAN","Sng_Stem",8,375
68,"PINU.BAN","Sng_Oth",9,374
68,"PINU.BAN","Extra",10,0
8,"PINU.RES","VF_A",1,144
8,"PINU.RES","VF_B",2,12
8,"PINU.RES","Fast_A",3,6
8,"PINU.RES","Fast_B",4,7
8,"PINU.RES","MED",5,0
8,"PINU.RES","Slow_A",6,156
8,"PINU.RES","Slow_B",7,225
8,"PINU.RES","Sng_Stem",8,0
8,"PINU.RES","Sng_Oth",9,0
8,"PINU.RES","Extra",10,0
9,"PINU.RES","VF_A",1,135
9,"PINU.RES","VF_B",2,11
9,"PINU.RES","Fast_A",3,6
9,"PINU.RES","Fast_B",4,7
9,"PINU.RES","MED",5,0
9,"PINU.RES","Slow_A",6,147
9,"PINU.RES","Slow_B",7,215
9,"PINU.RES","Sng_Stem",8,0
9,"PINU.RES","Sng_Oth",9,0
9,"PINU.RES","Extra",10,0
16,"PINU.RES","VF_A",1,124
16,"PINU.RES","VF_B",2,9
16,"PINU.RES","Fast_A",3,152
16,"PINU.RES","Fast_B",4,12
16,"PINU.RES","MED",5,411
16,"PINU.RES","Slow_A",6,862
16,"PINU.RES","Slow_B",7,1627
16,"PINU.RES","Sng_Stem",8,328
16,"PINU.RES","Sng_Oth",9,81
16,"PINU.RES","Extra",10,0
17,"PINU.RES","VF_A",1,89
17,"PINU.RES","VF_B",2,7
17,"PINU.RES","Fast_A",3,104
17,"PINU.RES","Fast_B",4,9
17,"PINU.RES","MED",5,300
17,"PINU.RES","Slow_A",6,654
17,"PINU.RES","Slow_B",7,1262
17,"PINU.RES","Sng_Stem",8,224
17,"PINU.RES","Sng_Oth",9,47
17,"PINU.RES","Extra",10,0
58,"PINU.RES","VF_A",1,154
58,"PINU.RES","VF_B",2,16
58,"PINU.RES","Fast_A",3,441
58,"PINU.RES","Fast_B",4,35
58,"PINU.RES","MED",5,1167
58,"PINU.RES","Slow_A",6,2200
58,"PINU.RES","Slow_B",7,4303
58,"PINU.RES","Sng_Stem",8,838
58,"PINU.RES","Sng_Oth",9,200
58,"PINU.RES","Extra",10,0
59,"PINU.RES","VF_A",1,65
59,"PINU.RES","VF_B",2,8
59,"PINU.RES","Fast_A",3,199
59,"PINU.RES","Fast_B",4,14
59,"PINU.RES","MED",5,544
59,"PINU.RES","Slow_A",6,1164
59,"PINU.RES","Slow_B",7,2229
59,"PINU.RES","Sng_Stem",8,347
59,"PINU.RES","Sng_Oth",9,50
59,"PINU.RES","Extra",10,0
65,"PINU.RES","VF_A",1,167
65,"PINU.RES","VF_B",2,23
65,"PINU.RES","Fast_A",3,359
65,"PINU.RES","Fast_B",4,44
65,"PINU.RES","MED",5,1200
65,"PINU.RES","Slow_A",6,1960
65,"PINU.RES","Slow_B",7,4049
65,"PINU.RES","Sng_Stem",8,850
65,"PINU.RES","Sng_Oth",9,150
65,"PINU.RES","Extra",10,0
66,"PINU.RES","VF_A",1,118
66,"PINU.RES","VF_B",2,16
66,"PINU.RES","Fast_A",3,295
66,"PINU.RES","Fast_B",4,36
66,"PINU.RES","MED",5,1160
66,"PINU.RES","Slow_A",6,1876
66,"PINU.RES","Slow_B",7,3962
66,"PINU.RES","Sng_Stem",8,748
66,"PINU.RES","Sng_Oth",9,111
66,"PINU.RES","Extra",10,0
67,"PINU.RES","VF_A",1,107
67,"PINU.RES","VF_B",2,16
67,"PINU.RES","Fast_A",3,227
67,"PINU.RES","Fast_B",4,32
67,"PINU.RES","MED",5,867
67,"PINU.RES","Slow_A",6,1608
67,"PINU.RES","Slow_B",7,3405
67,"PINU.RES","Sng_Stem",8,523
67,"PINU.RES","Sng_Oth",9,74
67,"PINU.RES","Extra",10,0
68,"PINU.RES","VF_A",1,142
68,"PINU.RES","VF_B",2,12
68,"PINU.RES","Fast_A",3,11
68,"PINU.RES","Fast_B",4,8
68,"PINU.RES","MED",5,2
68,"PINU.RES","Slow_A",6,134
68,"PINU.RES","Slow_B",7,198
68,"PINU.RES","Sng_Stem",8,1
68,"PINU.RES","Sng_Oth",9,6
68,"PINU.RES","Extra",10,0
8,"PINU.STR","VF_A",1,0
8,"PINU.STR","VF_B",2,0
8,"PINU.STR","Fast_A",3,0
8,"PINU.STR","Fast_B",4,0
8,"PINU.STR","MED",5,0
8,"PINU.STR","Slow_A",6,0
8,"PINU.STR","Slow_B",7,0
8,"PINU.STR","Sng_Stem",8,0
8,"PINU.STR","Sng_Oth",9,0
8,"PINU.STR","Extra",10,0
9,"PINU.STR","VF_A",1,0
9,"PINU.STR","VF_B",2,0
9,"PINU.STR","Fast_A",3,0
9,"PINU.STR","Fast_B",4,0
9,"PINU.STR","MED",5,0
9,"PINU.STR","Slow_A",6,0
9,"PINU.STR","Slow_B",7,0
9,"PINU.STR","Sng_Stem",8,0
9,"PINU.STR","Sng_Oth",9,0
9,"PINU.STR","Extra",10,0
16,"PINU.STR","VF_A",1,122
16,"PINU.STR","VF_B",2,13
16,"PINU.STR","Fast_A",3,255
16,"PINU.STR","Fast_B",4,23
16,"PINU.STR","MED",5,536
16,"PINU.STR","Slow_A",6,1179
16,"PINU.STR","Slow_B",7,2402
16,"PINU.STR","Sng_Stem",8,423
16,"PINU.STR","Sng_Oth",9,146
16,"PINU.STR","Extra",10,0
17,"PINU.STR","VF_A",1,121
17,"PINU.STR","VF_B",2,13
17,"PINU.STR","Fast_A",3,266
17,"PINU.STR","Fast_B",4,24
17,"PINU.STR","MED",5,547
17,"PINU.STR","Slow_A",6,1194
17,"PINU.STR","Slow_B",7,2447
17,"PINU.STR","Sng_Stem",8,436
17,"PINU.STR","Sng_Oth",9,156
17,"PINU.STR","Extra",10,0
58,"PINU.STR","VF_A",1,62
58,"PINU.STR","VF_B",2,15
58,"PINU.STR","Fast_A",3,122
58,"PINU.STR","Fast_B",4,25
58,"PINU.STR","MED",5,502
58,"PINU.STR","Slow_A",6,994
58,"PINU.STR","Slow_B",7,2312
58,"PINU.STR","Sng_Stem",8,233
58,"PINU.STR","Sng_Oth",9,48
58,"PINU.STR","Extra",10,0
59,"PINU.STR","VF_A",1,61
59,"PINU.STR","VF_B",2,14
59,"PINU.STR","Fast_A",3,134
59,"PINU.STR","Fast_B",4,26
59,"PINU.STR","MED",5,470
59,"PINU.STR","Slow_A",6,1055
59,"PINU.STR","Slow_B",7,2502
59,"PINU.STR","Sng_Stem",8,252
59,"PINU.STR","Sng_Oth",9,54
59,"PINU.STR","Extra",10,0
65,"PINU.STR","VF_A",1,45
65,"PINU.STR","VF_B",2,17
65,"PINU.STR","Fast_A",3,52
65,"PINU.STR","Fast_B",4,31
65,"PINU.STR","MED",5,626
65,"PINU.STR","Slow_A",6,983
65,"PINU.STR","Slow_B",7,2389
65,"PINU.STR","Sng_Stem",8,170
65,"PINU.STR","Sng_Oth",9,5
65,"PINU.STR","Extra",10,0
66,"PINU.STR","VF_A",1,59
66,"PINU.STR","VF_B",2,22
66,"PINU.STR","Fast_A",3,77
66,"PINU.STR","Fast_B",4,40
66,"PINU.STR","MED",5,892
66,"PINU.STR","Slow_A",6,1372
66,"PINU.STR","Slow_B",7,3260
66,"PINU.STR","Sng_Stem",8,235
66,"PINU.STR","Sng_Oth",9,16
66,"PINU.STR","Extra",10,0
67,"PINU.STR","VF_A",1,51
67,"PINU.STR","VF_B",2,16
67,"PINU.STR","Fast_A",3,77
67,"PINU.STR","Fast_B",4,31
67,"PINU.STR","MED",5,486
67,"PINU.STR","Slow_A",6,926
67,"PINU.STR","Slow_B",7,2396
67,"PINU.STR","Sng_Stem",8,176
67,"PINU.STR","Sng_Oth",9,23
67,"PINU.STR","Extra",10,0
68,"PINU.STR","VF_A",1,53
68,"PINU.STR","VF_B",2,22
68,"PINU.STR","Fast_A",3,56
68,"PINU.STR","Fast_B",4,40
68,"PINU.STR","MED",5,697
68,"PINU.STR","Slow_A",6,1234
68,"PINU.STR","Slow_B",7,3068
68,"PINU.STR","Sng_Stem",8,176
68,"PINU.STR","Sng_Oth",9,1
68,"PINU.STR","Extra",10,0
8,"POPU.TRE","VF_A",1,122
8,"POPU.TRE","VF_B",2,12
8,"POPU.TRE","Fast_A",3,267
8,"POPU.TRE","Fast_B",4,18
8,"POPU.TRE","MED",5,610
8,"POPU.TRE","Slow_A",6,1472
8,"POPU.TRE","Slow_B",7,2796
8,"POPU.TRE","Sng_Stem",8,451
8,"POPU.TRE","Sng_Oth",9,120
8,"POPU.TRE","Extra",10,0
9,"POPU.TRE","VF_A",1,104
9,"POPU.TRE","VF_B",2,12
9,"POPU.TRE","Fast_A",3,282
9,"POPU.TRE","Fast_B",4,20
9,"POPU.TRE","MED",5,722
9,"POPU.TRE","Slow_A",6,1685
9,"POPU.TRE","Slow_B",7,3269
9,"POPU.TRE","Sng_Stem",8,506
9,"POPU.TRE","Sng_Oth",9,114
9,"POPU.TRE","Extra",10,0
16,"POPU.TRE","VF_A",1,62
16,"POPU.TRE","VF_B",2,8
16,"POPU.TRE","Fast_A",3,180
16,"POPU.TRE","Fast_B",4,14
16,"POPU.TRE","MED",5,427
16,"POPU.TRE","Slow_A",6,1069
16,"POPU.TRE","Slow_B",7,2238
16,"POPU.TRE","Sng_Stem",8,277
16,"POPU.TRE","Sng_Oth",9,82
16,"POPU.TRE","Extra",10,0
17,"POPU.TRE","VF_A",1,63
17,"POPU.TRE","VF_B",2,9
17,"POPU.TRE","Fast_A",3,178
17,"POPU.TRE","Fast_B",4,15
17,"POPU.TRE","MED",5,437
17,"POPU.TRE","Slow_A",6,1110
17,"POPU.TRE","Slow_B",7,2330
17,"POPU.TRE","Sng_Stem",8,277
17,"POPU.TRE","Sng_Oth",9,78
17,"POPU.TRE","Extra",10,0
58,"POPU.TRE","VF_A",1,32
58,"POPU.TRE","VF_B",2,5
58,"POPU.TRE","Fast_A",3,86
58,"POPU.TRE","Fast_B",4,11
58,"POPU.TRE","MED",5,216
58,"POPU.TRE","Slow_A",6,600
58,"POPU.TRE","Slow_B",7,1404
58,"POPU.TRE","Sng_Stem",8,105
58,"POPU.TRE","Sng_Oth",9,36
58,"POPU.TRE","Extra",10,0
59,"POPU.TRE","VF_A",1,44
59,"POPU.TRE","VF_B",2,7
59,"POPU.TRE","Fast_A",3,112
59,"POPU.TRE","Fast_B",4,12
59,"POPU.TRE","MED",5,271
59,"POPU.TRE","Slow_A",6,759
59,"POPU.TRE","Slow_B",7,1720
59,"POPU.TRE","Sng_Stem",8,138
59,"POPU.TRE","Sng_Oth",9,53
59,"POPU.TRE","Extra",10,0
65,"POPU.TRE","VF_A",1,28
65,"POPU.TRE","VF_B",2,4
65,"POPU.TRE","Fast_A",3,83
65,"POPU.TRE","Fast_B",4,8
65,"POPU.TRE","MED",5,229
65,"POPU.TRE","Slow_A",6,554
65,"POPU.TRE","Slow_B",7,1238
65,"POPU.TRE","Sng_Stem",8,111
65,"POPU.TRE","Sng_Oth",9,26
65,"POPU.TRE","Extra",10,0
66,"POPU.TRE","VF_A",1,36
66,"POPU.TRE","VF_B",2,5
66,"POPU.TRE","Fast_A",3,103
66,"POPU.TRE","Fast_B",4,10
66,"POPU.TRE","MED",5,249
66,"POPU.TRE","Slow_A",6,646
66,"POPU.TRE","Slow_B",7,1421
66,"POPU.TRE","Sng_Stem",8,114
66,"POPU.TRE","Sng_Oth",9,35
66,"POPU.TRE","Extra",10,0
67,"POPU.TRE","VF_A",1,31
67,"POPU.TRE","VF_B",2,4
67,"POPU.TRE","Fast_A",3,96
67,"POPU.TRE","Fast_B",4,7
67,"POPU.TRE","MED",5,199
67,"POPU.TRE","Slow_A",6,505
67,"POPU.TRE","Slow_B",7,1065
67,"POPU.TRE","Sng_Stem",8,105
67,"POPU.TRE","Sng_Oth",9,34
67,"POPU.TRE","Extra",10,0
68,"POPU.TRE","VF_A",1,48
68,"POPU.TRE","VF_B",2,6
68,"POPU.TRE","Fast_A",3,118
68,"POPU.TRE","Fast_B",4,10
68,"POPU.TRE","MED",5,272
68,"POPU.TRE","Slow_A",6,672
68,"POPU.TRE","Slow_B",7,1425
68,"POPU.TRE","Sng_Stem",8,132
68,"POPU.TRE","Sng_Oth",9,48
68,"POPU.TRE","Extra",10,0
8,"QUER.RUB","VF_A",1,188
8,"QUER.RUB","VF_B",2,16
8,"QUER.RUB","Fast_A",3,10
8,"QUER.RUB","Fast_B",4,12
8,"QUER.RUB","MED",5,0
8,"QUER.RUB","Slow_A",6,208
8,"QUER.RUB","Slow_B",7,313
8,"QUER.RUB","Sng_Stem",8,0
8,"QUER.RUB","Sng_Oth",9,0
8,"QUER.RUB","Extra",10,0
9,"QUER.RUB","VF_A",1,144
9,"QUER.RUB","VF_B",2,13
9,"QUER.RUB","Fast_A",3,8
9,"QUER.RUB","Fast_B",4,10
9,"QUER.RUB","MED",5,0
9,"QUER.RUB","Slow_A",6,164
9,"QUER.RUB","Slow_B",7,256
9,"QUER.RUB","Sng_Stem",8,0
9,"QUER.RUB","Sng_Oth",9,0
9,"QUER.RUB","Extra",10,0
16,"QUER.RUB","VF_A",1,65
16,"QUER.RUB","VF_B",2,4
16,"QUER.RUB","Fast_A",3,194
16,"QUER.RUB","Fast_B",4,10
16,"QUER.RUB","MED",5,274
16,"QUER.RUB","Slow_A",6,1024
16,"QUER.RUB","Slow_B",7,1995
16,"QUER.RUB","Sng_Stem",8,194
16,"QUER.RUB","Sng_Oth",9,106
16,"QUER.RUB","Extra",10,0
17,"QUER.RUB","VF_A",1,114
17,"QUER.RUB","VF_B",2,8
17,"QUER.RUB","Fast_A",3,262
17,"QUER.RUB","Fast_B",4,12
17,"QUER.RUB","MED",5,378
17,"QUER.RUB","Slow_A",6,1272
17,"QUER.RUB","Slow_B",7,2378
17,"QUER.RUB","Sng_Stem",8,278
17,"QUER.RUB","Sng_Oth",9,149
17,"QUER.RUB","Extra",10,0
58,"QUER.RUB","VF_A",1,64
58,"QUER.RUB","VF_B",2,4
58,"QUER.RUB","Fast_A",3,200
58,"QUER.RUB","Fast_B",4,9
58,"QUER.RUB","MED",5,475
58,"QUER.RUB","Slow_A",6,1143
58,"QUER.RUB","Slow_B",7,2256
58,"QUER.RUB","Sng_Stem",8,359
58,"QUER.RUB","Sng_Oth",9,89
58,"QUER.RUB","Extra",10,0
59,"QUER.RUB","VF_A",1,64
59,"QUER.RUB","VF_B",2,4
59,"QUER.RUB","Fast_A",3,247
59,"QUER.RUB","Fast_B",4,10
59,"QUER.RUB","MED",5,584
59,"QUER.RUB","Slow_A",6,1581
59,"QUER.RUB","Slow_B",7,3086
59,"QUER.RUB","Sng_Stem",8,415
59,"QUER.RUB","Sng_Oth",9,97
59,"QUER.RUB","Extra",10,0
65,"QUER.RUB","VF_A",1,27
65,"QUER.RUB","VF_B",2,1
65,"QUER.RUB","Fast_A",3,175
65,"QUER.RUB","Fast_B",4,6
65,"QUER.RUB","MED",5,176
65,"QUER.RUB","Slow_A",6,741
65,"QUER.RUB","Slow_B",7,1506
65,"QUER.RUB","Sng_Stem",8,93
65,"QUER.RUB","Sng_Oth",9,54
65,"QUER.RUB","Extra",10,0
66,"QUER.RUB","VF_A",1,25
66,"QUER.RUB","VF_B",2,1
66,"QUER.RUB","Fast_A",3,157
66,"QUER.RUB","Fast_B",4,5
66,"QUER.RUB","MED",5,169
66,"QUER.RUB","Slow_A",6,753
66,"QUER.RUB","Slow_B",7,1547
66,"QUER.RUB","Sng_Stem",8,72
66,"QUER.RUB","Sng_Oth",9,51
66,"QUER.RUB","Extra",10,0
67,"QUER.RUB","VF_A",1,25
67,"QUER.RUB","VF_B",2,2
67,"QUER.RUB","Fast_A",3,52
67,"QUER.RUB","Fast_B",4,3
67,"QUER.RUB","MED",5,152
67,"QUER.RUB","Slow_A",6,510
67,"QUER.RUB","Slow_B",7,1198
67,"QUER.RUB","Sng_Stem",8,32
67,"QUER.RUB","Sng_Oth",9,15
67,"QUER.RUB","Extra",10,0
68,"QUER.RUB","VF_A",1,5
68,"QUER.RUB","VF_B",2,0
68,"QUER.RUB","Fast_A",3,65
68,"QUER.RUB","Fast_B",4,2
68,"QUER.RUB","MED",5,110
68,"QUER.RUB","Slow_A",6,590
68,"QUER.RUB","Slow_B",7,1303
68,"QUER.RUB","Sng_Stem",8,26
68,"QUER.RUB","Sng_Oth",9,17
68,"QUER.RUB","Extra",10,0
8,"THUJ.SPP.ALL","VF_A",1,0
8,"THUJ.SPP.ALL","VF_B",2,0
8,"THUJ.SPP.ALL","Fast_A",3,0
8,"THUJ.SPP.ALL","Fast_B",4,0
8,"THUJ.SPP.ALL","MED",5,0
8,"THUJ.SPP.ALL","Slow_A",6,0
8,"THUJ.SPP.ALL","Slow_B",7,0
8,"THUJ.SPP.ALL","Sng_Stem",8,0
8,"THUJ.SPP.ALL","Sng_Oth",9,0
8,"THUJ.SPP.ALL","Extra",10,0
9,"THUJ.SPP.ALL","VF_A",1,0
9,"THUJ.SPP.ALL","VF_B",2,0
9,"THUJ.SPP.ALL","Fast_A",3,0
9,"THUJ.SPP.ALL","Fast_B",4,0
9,"THUJ.SPP.ALL","MED",5,0
9,"THUJ.SPP.ALL","Slow_A",6,0
9,"THUJ.SPP.ALL","Slow_B",7,0
9,"THUJ.SPP.ALL","Sng_Stem",8,0
9,"THUJ.SPP.ALL","Sng_Oth",9,0
9,"THUJ.SPP.ALL","Extra",10,0
16,"THUJ.SPP.ALL","VF_A",1,75
16,"THUJ.SPP.ALL","VF_B",2,9
16,"THUJ.SPP.ALL","Fast_A",3,104
16,"THUJ.SPP.ALL","Fast_B",4,13
16,"THUJ.SPP.ALL","MED",5,292
16,"THUJ.SPP.ALL","Slow_A",6,680
16,"THUJ.SPP.ALL","Slow_B",7,1438
16,"THUJ.SPP.ALL","Sng_Stem",8,237
16,"THUJ.SPP.ALL","Sng_Oth",9,49
16,"THUJ.SPP.ALL","Extra",10,0
17,"THUJ.SPP.ALL","VF_A",1,81
17,"THUJ.SPP.ALL","VF_B",2,10
17,"THUJ.SPP.ALL","Fast_A",3,145
17,"THUJ.SPP.ALL","Fast_B",4,16
17,"THUJ.SPP.ALL","MED",5,327
17,"THUJ.SPP.ALL","Slow_A",6,834
17,"THUJ.SPP.ALL","Slow_B",7,1754
17,"THUJ.SPP.ALL","Sng_Stem",8,302
17,"THUJ.SPP.ALL","Sng_Oth",9,73
17,"THUJ.SPP.ALL","Extra",10,0
58,"THUJ.SPP.ALL","VF_A",1,38
58,"THUJ.SPP.ALL","VF_B",2,10
58,"THUJ.SPP.ALL","Fast_A",3,104
58,"THUJ.SPP.ALL","Fast_B",4,18
58,"THUJ.SPP.ALL","MED",5,250
58,"THUJ.SPP.ALL","Slow_A",6,624
58,"THUJ.SPP.ALL","Slow_B",7,1466
58,"THUJ.SPP.ALL","Sng_Stem",8,184
58,"THUJ.SPP.ALL","Sng_Oth",9,42
58,"THUJ.SPP.ALL","Extra",10,0
59,"THUJ.SPP.ALL","VF_A",1,41
59,"THUJ.SPP.ALL","VF_B",2,10
59,"THUJ.SPP.ALL","Fast_A",3,97
59,"THUJ.SPP.ALL","Fast_B",4,19
59,"THUJ.SPP.ALL","MED",5,160
59,"THUJ.SPP.ALL","Slow_A",6,588
59,"THUJ.SPP.ALL","Slow_B",7,1405
59,"THUJ.SPP.ALL","Sng_Stem",8,137
59,"THUJ.SPP.ALL","Sng_Oth",9,38
59,"THUJ.SPP.ALL","Extra",10,0
65,"THUJ.SPP.ALL","VF_A",1,36
65,"THUJ.SPP.ALL","VF_B",2,8
65,"THUJ.SPP.ALL","Fast_A",3,85
65,"THUJ.SPP.ALL","Fast_B",4,17
65,"THUJ.SPP.ALL","MED",5,319
65,"THUJ.SPP.ALL","Slow_A",6,595
65,"THUJ.SPP.ALL","Slow_B",7,1396
65,"THUJ.SPP.ALL","Sng_Stem",8,196
65,"THUJ.SPP.ALL","Sng_Oth",9,31
65,"THUJ.SPP.ALL","Extra",10,0
66,"THUJ.SPP.ALL","VF_A",1,41
66,"THUJ.SPP.ALL","VF_B",2,9
66,"THUJ.SPP.ALL","Fast_A",3,84
66,"THUJ.SPP.ALL","Fast_B",4,17
66,"THUJ.SPP.ALL","MED",5,294
66,"THUJ.SPP.ALL","Slow_A",6,610
66,"THUJ.SPP.ALL","Slow_B",7,1420
66,"THUJ.SPP.ALL","Sng_Stem",8,187
66,"THUJ.SPP.ALL","Sng_Oth",9,30
66,"THUJ.SPP.ALL","Extra",10,0
67,"THUJ.SPP.ALL","VF_A",1,35
67,"THUJ.SPP.ALL","VF_B",2,8
67,"THUJ.SPP.ALL","Fast_A",3,92
67,"THUJ.SPP.ALL","Fast_B",4,18
67,"THUJ.SPP.ALL","MED",5,473
67,"THUJ.SPP.ALL","Slow_A",6,806
67,"THUJ.SPP.ALL","Slow_B",7,1869
67,"THUJ.SPP.ALL","Sng_Stem",8,265
67,"THUJ.SPP.ALL","Sng_Oth",9,32
67,"THUJ.SPP.ALL","Extra",10,0
68,"THUJ.SPP.ALL","VF_A",1,37
68,"THUJ.SPP.ALL","VF_B",2,7
68,"THUJ.SPP.ALL","Fast_A",3,72
68,"THUJ.SPP.ALL","Fast_B",4,14
68,"THUJ.SPP.ALL","MED",5,324
68,"THUJ.SPP.ALL","Slow_A",6,582
68,"THUJ.SPP.ALL","Slow_B",7,1322
68,"THUJ.SPP.ALL","Sng_Stem",8,190
68,"THUJ.SPP.ALL","Sng_Oth",9,25
68,"THUJ.SPP.ALL","Extra",10,0
8,"TSUG.CAN","VF_A",1,0
8,"TSUG.CAN","VF_B",2,0
8,"TSUG.CAN","Fast_A",3,0
8,"TSUG.CAN","Fast_B",4,0
8,"TSUG.CAN","MED",5,0
8,"TSUG.CAN","Slow_A",6,0
8,"TSUG.CAN","Slow_B",7,0
8,"TSUG.CAN","Sng_Stem",8,0
8,"TSUG.CAN","Sng_Oth",9,0
8,"TSUG.CAN","Extra",10,0
9,"TSUG.CAN","VF_A",1,0
9,"TSUG.CAN","VF_B",2,0
9,"TSUG.CAN","Fast_A",3,0
9,"TSUG.CAN","Fast_B",4,0
9,"TSUG.CAN","MED",5,0
9,"TSUG.CAN","Slow_A",6,0
9,"TSUG.CAN","Slow_B",7,0
9,"TSUG.CAN","Sng_Stem",8,0
9,"TSUG.CAN","Sng_Oth",9,0
9,"TSUG.CAN","Extra",10,0
16,"TSUG.CAN","VF_A",1,43
16,"TSUG.CAN","VF_B",2,7
16,"TSUG.CAN","Fast_A",3,82
16,"TSUG.CAN","Fast_B",4,16
16,"TSUG.CAN","MED",5,546
16,"TSUG.CAN","Slow_A",6,873
16,"TSUG.CAN","Slow_B",7,1974
16,"TSUG.CAN","Sng_Stem",8,322
16,"TSUG.CAN","Sng_Oth",9,33
16,"TSUG.CAN","Extra",10,0
17,"TSUG.CAN","VF_A",1,46
17,"TSUG.CAN","VF_B",2,7
17,"TSUG.CAN","Fast_A",3,84
17,"TSUG.CAN","Fast_B",4,16
17,"TSUG.CAN","MED",5,628
17,"TSUG.CAN","Slow_A",6,958
17,"TSUG.CAN","Slow_B",7,2196
17,"TSUG.CAN","Sng_Stem",8,361
17,"TSUG.CAN","Sng_Oth",9,34
17,"TSUG.CAN","Extra",10,0
58,"TSUG.CAN","VF_A",1,24
58,"TSUG.CAN","VF_B",2,5
58,"TSUG.CAN","Fast_A",3,71
58,"TSUG.CAN","Fast_B",4,14
58,"TSUG.CAN","MED",5,853
58,"TSUG.CAN","Slow_A",6,1070
58,"TSUG.CAN","Slow_B",7,2612
58,"TSUG.CAN","Sng_Stem",8,360
58,"TSUG.CAN","Sng_Oth",9,26
58,"TSUG.CAN","Extra",10,0
59,"TSUG.CAN","VF_A",1,31
59,"TSUG.CAN","VF_B",2,8
59,"TSUG.CAN","Fast_A",3,97
59,"TSUG.CAN","Fast_B",4,18
59,"TSUG.CAN","MED",5,665
59,"TSUG.CAN","Slow_A",6,1059
59,"TSUG.CAN","Slow_B",7,2529
59,"TSUG.CAN","Sng_Stem",8,322
59,"TSUG.CAN","Sng_Oth",9,36
59,"TSUG.CAN","Extra",10,0
65,"TSUG.CAN","VF_A",1,28
65,"TSUG.CAN","VF_B",2,7
65,"TSUG.CAN","Fast_A",3,98
65,"TSUG.CAN","Fast_B",4,21
65,"TSUG.CAN","MED",5,684
65,"TSUG.CAN","Slow_A",6,990
65,"TSUG.CAN","Slow_B",7,2366
65,"TSUG.CAN","Sng_Stem",8,361
65,"TSUG.CAN","Sng_Oth",9,31
65,"TSUG.CAN","Extra",10,0
66,"TSUG.CAN","VF_A",1,28
66,"TSUG.CAN","VF_B",2,7
66,"TSUG.CAN","Fast_A",3,104
66,"TSUG.CAN","Fast_B",4,23
66,"TSUG.CAN","MED",5,727
66,"TSUG.CAN","Slow_A",6,1143
66,"TSUG.CAN","Slow_B",7,2709
66,"TSUG.CAN","Sng_Stem",8,379
66,"TSUG.CAN","Sng_Oth",9,32
66,"TSUG.CAN","Extra",10,0
67,"TSUG.CAN","VF_A",1,30
67,"TSUG.CAN","VF_B",2,6
67,"TSUG.CAN","Fast_A",3,96
67,"TSUG.CAN","Fast_B",4,18
67,"TSUG.CAN","MED",5,746
67,"TSUG.CAN","Slow_A",6,1031
67,"TSUG.CAN","Slow_B",7,2423
67,"TSUG.CAN","Sng_Stem",8,390
67,"TSUG.CAN","Sng_Oth",9,33
67,"TSUG.CAN","Extra",10,0
68,"TSUG.CAN","VF_A",1,26
68,"TSUG.CAN","VF_B",2,7
68,"TSUG.CAN","Fast_A",3,94
68,"TSUG.CAN","Fast_B",4,21
68,"TSUG.CAN","MED",5,668
68,"TSUG.CAN","Slow_A",6,1078
68,"TSUG.CAN","Slow_B",7,2615
68,"TSUG.CAN","Sng_Stem",8,350
68,"TSUG.CAN","Sng_Oth",9,31
68,"TSUG.CAN","Extra",10,0
