"landtype","spp","poolID","DOMName","amountAtT0"
18,"ABIE.BAL",1,"VF_A",0
18,"ABIE.BAL",2,"VF_B",0
18,"ABIE.BAL",3,"Fast_A",2
18,"ABIE.BAL",4,"Fast_B",0
18,"ABIE.BAL",5,"MED",5
18,"ABIE.BAL",6,"Slow_A",70
18,"ABIE.BAL",7,"Slow_B",34
18,"ABIE.BAL",8,"Sng_Stem",0
18,"ABIE.BAL",9,"Sng_Oth",1
18,"ABIE.BAL",10,"Extra",0
18,"ACER.RUB",1,"VF_A",0
18,"ACER.RUB",2,"VF_B",0
18,"ACER.RUB",3,"Fast_A",4
18,"ACER.RUB",4,"Fast_B",0
18,"ACER.RUB",5,"MED",7
18,"ACER.RUB",6,"Slow_A",106
18,"ACER.RUB",7,"Slow_B",52
18,"ACER.RUB",8,"Sng_Stem",0
18,"ACER.RUB",9,"Sng_Oth",2
18,"ACER.RUB",10,"Extra",0
18,"ACER.SAH",1,"VF_A",0
18,"ACER.SAH",2,"VF_B",0
18,"ACER.SAH",3,"Fast_A",12
18,"ACER.SAH",4,"Fast_B",0
18,"ACER.SAH",5,"MED",23
18,"ACER.SAH",6,"Slow_A",340
18,"ACER.SAH",7,"Slow_B",166
18,"ACER.SAH",8,"Sng_Stem",0
18,"ACER.SAH",9,"Sng_Oth",6
18,"ACER.SAH",10,"Extra",0
18,"BETU.ALL",1,"VF_A",0
18,"BETU.ALL",2,"VF_B",0
18,"BETU.ALL",3,"Fast_A",14
18,"BETU.ALL",4,"Fast_B",0
18,"BETU.ALL",5,"MED",27
18,"BETU.ALL",6,"Slow_A",399
18,"BETU.ALL",7,"Slow_B",195
18,"BETU.ALL",8,"Sng_Stem",0
18,"BETU.ALL",9,"Sng_Oth",6
18,"BETU.ALL",10,"Extra",0
18,"BETU.PAP",1,"VF_A",0
18,"BETU.PAP",2,"VF_B",0
18,"BETU.PAP",3,"Fast_A",0
18,"BETU.PAP",4,"Fast_B",0
18,"BETU.PAP",5,"MED",0
18,"BETU.PAP",6,"Slow_A",4
18,"BETU.PAP",7,"Slow_B",2
18,"BETU.PAP",8,"Sng_Stem",0
18,"BETU.PAP",9,"Sng_Oth",0
18,"BETU.PAP",10,"Extra",0
18,"FAGU.GRA",1,"VF_A",0
18,"FAGU.GRA",2,"VF_B",0
18,"FAGU.GRA",3,"Fast_A",10
18,"FAGU.GRA",4,"Fast_B",0
18,"FAGU.GRA",5,"MED",20
18,"FAGU.GRA",6,"Slow_A",285
18,"FAGU.GRA",7,"Slow_B",139
18,"FAGU.GRA",8,"Sng_Stem",0
18,"FAGU.GRA",9,"Sng_Oth",5
18,"FAGU.GRA",10,"Extra",0
18,"LARI.LAR",1,"VF_A",0
18,"LARI.LAR",2,"VF_B",0
18,"LARI.LAR",3,"Fast_A",0
18,"LARI.LAR",4,"Fast_B",0
18,"LARI.LAR",5,"MED",0
18,"LARI.LAR",6,"Slow_A",5
18,"LARI.LAR",7,"Slow_B",2
18,"LARI.LAR",8,"Sng_Stem",0
18,"LARI.LAR",9,"Sng_Oth",0
18,"LARI.LAR",10,"Extra",0
18,"PICE.GLA",1,"VF_A",0
18,"PICE.GLA",2,"VF_B",0
18,"PICE.GLA",3,"Fast_A",8
18,"PICE.GLA",4,"Fast_B",0
18,"PICE.GLA",5,"MED",16
18,"PICE.GLA",6,"Slow_A",233
18,"PICE.GLA",7,"Slow_B",114
18,"PICE.GLA",8,"Sng_Stem",0
18,"PICE.GLA",9,"Sng_Oth",4
18,"PICE.GLA",10,"Extra",0
18,"PICE.MAR",1,"VF_A",0
18,"PICE.MAR",2,"VF_B",0
18,"PICE.MAR",3,"Fast_A",13
18,"PICE.MAR",4,"Fast_B",0
18,"PICE.MAR",5,"MED",26
18,"PICE.MAR",6,"Slow_A",380
18,"PICE.MAR",7,"Slow_B",186
18,"PICE.MAR",8,"Sng_Stem",0
18,"PICE.MAR",9,"Sng_Oth",6
18,"PICE.MAR",10,"Extra",0
18,"PICE.RUB",1,"VF_A",0
18,"PICE.RUB",2,"VF_B",0
18,"PICE.RUB",3,"Fast_A",30
18,"PICE.RUB",4,"Fast_B",0
18,"PICE.RUB",5,"MED",61
18,"PICE.RUB",6,"Slow_A",883
18,"PICE.RUB",7,"Slow_B",431
18,"PICE.RUB",8,"Sng_Stem",0
18,"PICE.RUB",9,"Sng_Oth",14
18,"PICE.RUB",10,"Extra",0
18,"PINU.BAN",1,"VF_A",0
18,"PINU.BAN",2,"VF_B",0
18,"PINU.BAN",3,"Fast_A",1
18,"PINU.BAN",4,"Fast_B",0
18,"PINU.BAN",5,"MED",3
18,"PINU.BAN",6,"Slow_A",43
18,"PINU.BAN",7,"Slow_B",21
18,"PINU.BAN",8,"Sng_Stem",0
18,"PINU.BAN",9,"Sng_Oth",1
18,"PINU.BAN",10,"Extra",0
18,"PINU.RES",1,"VF_A",0
18,"PINU.RES",2,"VF_B",0
18,"PINU.RES",3,"Fast_A",25
18,"PINU.RES",4,"Fast_B",0
18,"PINU.RES",5,"MED",51
18,"PINU.RES",6,"Slow_A",737
18,"PINU.RES",7,"Slow_B",360
18,"PINU.RES",8,"Sng_Stem",0
18,"PINU.RES",9,"Sng_Oth",12
18,"PINU.RES",10,"Extra",0
18,"PINU.STR",1,"VF_A",0
18,"PINU.STR",2,"VF_B",0
18,"PINU.STR",3,"Fast_A",1
18,"PINU.STR",4,"Fast_B",0
18,"PINU.STR",5,"MED",2
18,"PINU.STR",6,"Slow_A",30
18,"PINU.STR",7,"Slow_B",14
18,"PINU.STR",8,"Sng_Stem",0
18,"PINU.STR",9,"Sng_Oth",0
18,"PINU.STR",10,"Extra",0
18,"POPU.TRE",1,"VF_A",0
18,"POPU.TRE",2,"VF_B",0
18,"POPU.TRE",3,"Fast_A",1
18,"POPU.TRE",4,"Fast_B",0
18,"POPU.TRE",5,"MED",1
18,"POPU.TRE",6,"Slow_A",19
18,"POPU.TRE",7,"Slow_B",9
18,"POPU.TRE",8,"Sng_Stem",0
18,"POPU.TRE",9,"Sng_Oth",0
18,"POPU.TRE",10,"Extra",0
18,"QUER.RUB",1,"VF_A",0
18,"QUER.RUB",2,"VF_B",0
18,"QUER.RUB",3,"Fast_A",13
18,"QUER.RUB",4,"Fast_B",0
18,"QUER.RUB",5,"MED",26
18,"QUER.RUB",6,"Slow_A",378
18,"QUER.RUB",7,"Slow_B",184
18,"QUER.RUB",8,"Sng_Stem",0
18,"QUER.RUB",9,"Sng_Oth",6
18,"QUER.RUB",10,"Extra",0
18,"THUJ.SPP.ALL",1,"VF_A",0
18,"THUJ.SPP.ALL",2,"VF_B",0
18,"THUJ.SPP.ALL",3,"Fast_A",22
18,"THUJ.SPP.ALL",4,"Fast_B",0
18,"THUJ.SPP.ALL",5,"MED",44
18,"THUJ.SPP.ALL",6,"Slow_A",635
18,"THUJ.SPP.ALL",7,"Slow_B",310
18,"THUJ.SPP.ALL",8,"Sng_Stem",0
18,"THUJ.SPP.ALL",9,"Sng_Oth",10
18,"THUJ.SPP.ALL",10,"Extra",0
18,"TSUG.CAN",1,"VF_A",0
18,"TSUG.CAN",2,"VF_B",0
18,"TSUG.CAN",3,"Fast_A",12
18,"TSUG.CAN",4,"Fast_B",0
18,"TSUG.CAN",5,"MED",25
18,"TSUG.CAN",6,"Slow_A",361
18,"TSUG.CAN",7,"Slow_B",176
18,"TSUG.CAN",8,"Sng_Stem",0
18,"TSUG.CAN",9,"Sng_Oth",6
18,"TSUG.CAN",10,"Extra",0
19,"ABIE.BAL",1,"VF_A",0
19,"ABIE.BAL",2,"VF_B",0
19,"ABIE.BAL",3,"Fast_A",3
19,"ABIE.BAL",4,"Fast_B",0
19,"ABIE.BAL",5,"MED",6
19,"ABIE.BAL",6,"Slow_A",87
19,"ABIE.BAL",7,"Slow_B",43
19,"ABIE.BAL",8,"Sng_Stem",0
19,"ABIE.BAL",9,"Sng_Oth",1
19,"ABIE.BAL",10,"Extra",0
19,"ACER.RUB",1,"VF_A",0
19,"ACER.RUB",2,"VF_B",0
19,"ACER.RUB",3,"Fast_A",4
19,"ACER.RUB",4,"Fast_B",0
19,"ACER.RUB",5,"MED",8
19,"ACER.RUB",6,"Slow_A",123
19,"ACER.RUB",7,"Slow_B",60
19,"ACER.RUB",8,"Sng_Stem",0
19,"ACER.RUB",9,"Sng_Oth",2
19,"ACER.RUB",10,"Extra",0
19,"ACER.SAH",1,"VF_A",0
19,"ACER.SAH",2,"VF_B",0
19,"ACER.SAH",3,"Fast_A",13
19,"ACER.SAH",4,"Fast_B",0
19,"ACER.SAH",5,"MED",26
19,"ACER.SAH",6,"Slow_A",381
19,"ACER.SAH",7,"Slow_B",186
19,"ACER.SAH",8,"Sng_Stem",0
19,"ACER.SAH",9,"Sng_Oth",6
19,"ACER.SAH",10,"Extra",0
19,"BETU.ALL",1,"VF_A",0
19,"BETU.ALL",2,"VF_B",0
19,"BETU.ALL",3,"Fast_A",16
19,"BETU.ALL",4,"Fast_B",0
19,"BETU.ALL",5,"MED",32
19,"BETU.ALL",6,"Slow_A",465
19,"BETU.ALL",7,"Slow_B",227
19,"BETU.ALL",8,"Sng_Stem",0
19,"BETU.ALL",9,"Sng_Oth",8
19,"BETU.ALL",10,"Extra",0
19,"BETU.PAP",1,"VF_A",0
19,"BETU.PAP",2,"VF_B",0
19,"BETU.PAP",3,"Fast_A",0
19,"BETU.PAP",4,"Fast_B",0
19,"BETU.PAP",5,"MED",0
19,"BETU.PAP",6,"Slow_A",4
19,"BETU.PAP",7,"Slow_B",2
19,"BETU.PAP",8,"Sng_Stem",0
19,"BETU.PAP",9,"Sng_Oth",0
19,"BETU.PAP",10,"Extra",0
19,"FAGU.GRA",1,"VF_A",0
19,"FAGU.GRA",2,"VF_B",0
19,"FAGU.GRA",3,"Fast_A",11
19,"FAGU.GRA",4,"Fast_B",0
19,"FAGU.GRA",5,"MED",23
19,"FAGU.GRA",6,"Slow_A",329
19,"FAGU.GRA",7,"Slow_B",160
19,"FAGU.GRA",8,"Sng_Stem",0
19,"FAGU.GRA",9,"Sng_Oth",5
19,"FAGU.GRA",10,"Extra",0
19,"LARI.LAR",1,"VF_A",0
19,"LARI.LAR",2,"VF_B",0
19,"LARI.LAR",3,"Fast_A",0
19,"LARI.LAR",4,"Fast_B",0
19,"LARI.LAR",5,"MED",0
19,"LARI.LAR",6,"Slow_A",5
19,"LARI.LAR",7,"Slow_B",2
19,"LARI.LAR",8,"Sng_Stem",0
19,"LARI.LAR",9,"Sng_Oth",0
19,"LARI.LAR",10,"Extra",0
19,"PICE.GLA",1,"VF_A",0
19,"PICE.GLA",2,"VF_B",0
19,"PICE.GLA",3,"Fast_A",9
19,"PICE.GLA",4,"Fast_B",0
19,"PICE.GLA",5,"MED",19
19,"PICE.GLA",6,"Slow_A",276
19,"PICE.GLA",7,"Slow_B",135
19,"PICE.GLA",8,"Sng_Stem",0
19,"PICE.GLA",9,"Sng_Oth",4
19,"PICE.GLA",10,"Extra",0
19,"PICE.MAR",1,"VF_A",0
19,"PICE.MAR",2,"VF_B",0
19,"PICE.MAR",3,"Fast_A",12
19,"PICE.MAR",4,"Fast_B",0
19,"PICE.MAR",5,"MED",25
19,"PICE.MAR",6,"Slow_A",358
19,"PICE.MAR",7,"Slow_B",175
19,"PICE.MAR",8,"Sng_Stem",0
19,"PICE.MAR",9,"Sng_Oth",6
19,"PICE.MAR",10,"Extra",0
19,"PICE.RUB",1,"VF_A",0
19,"PICE.RUB",2,"VF_B",0
19,"PICE.RUB",3,"Fast_A",31
19,"PICE.RUB",4,"Fast_B",0
19,"PICE.RUB",5,"MED",63
19,"PICE.RUB",6,"Slow_A",913
19,"PICE.RUB",7,"Slow_B",446
19,"PICE.RUB",8,"Sng_Stem",0
19,"PICE.RUB",9,"Sng_Oth",15
19,"PICE.RUB",10,"Extra",0
19,"PINU.BAN",1,"VF_A",0
19,"PINU.BAN",2,"VF_B",0
19,"PINU.BAN",3,"Fast_A",1
19,"PINU.BAN",4,"Fast_B",0
19,"PINU.BAN",5,"MED",2
19,"PINU.BAN",6,"Slow_A",29
19,"PINU.BAN",7,"Slow_B",14
19,"PINU.BAN",8,"Sng_Stem",0
19,"PINU.BAN",9,"Sng_Oth",0
19,"PINU.BAN",10,"Extra",0
19,"PINU.RES",1,"VF_A",0
19,"PINU.RES",2,"VF_B",0
19,"PINU.RES",3,"Fast_A",13
19,"PINU.RES",4,"Fast_B",0
19,"PINU.RES",5,"MED",26
19,"PINU.RES",6,"Slow_A",384
19,"PINU.RES",7,"Slow_B",188
19,"PINU.RES",8,"Sng_Stem",0
19,"PINU.RES",9,"Sng_Oth",6
19,"PINU.RES",10,"Extra",0
19,"PINU.STR",1,"VF_A",0
19,"PINU.STR",2,"VF_B",0
19,"PINU.STR",3,"Fast_A",1
19,"PINU.STR",4,"Fast_B",0
19,"PINU.STR",5,"MED",2
19,"PINU.STR",6,"Slow_A",36
19,"PINU.STR",7,"Slow_B",18
19,"PINU.STR",8,"Sng_Stem",0
19,"PINU.STR",9,"Sng_Oth",1
19,"PINU.STR",10,"Extra",0
19,"POPU.TRE",1,"VF_A",0
19,"POPU.TRE",2,"VF_B",0
19,"POPU.TRE",3,"Fast_A",1
19,"POPU.TRE",4,"Fast_B",0
19,"POPU.TRE",5,"MED",2
19,"POPU.TRE",6,"Slow_A",26
19,"POPU.TRE",7,"Slow_B",13
19,"POPU.TRE",8,"Sng_Stem",0
19,"POPU.TRE",9,"Sng_Oth",0
19,"POPU.TRE",10,"Extra",0
19,"QUER.RUB",1,"VF_A",0
19,"QUER.RUB",2,"VF_B",0
19,"QUER.RUB",3,"Fast_A",13
19,"QUER.RUB",4,"Fast_B",0
19,"QUER.RUB",5,"MED",27
19,"QUER.RUB",6,"Slow_A",388
19,"QUER.RUB",7,"Slow_B",189
19,"QUER.RUB",8,"Sng_Stem",0
19,"QUER.RUB",9,"Sng_Oth",6
19,"QUER.RUB",10,"Extra",0
19,"THUJ.SPP.ALL",1,"VF_A",0
19,"THUJ.SPP.ALL",2,"VF_B",0
19,"THUJ.SPP.ALL",3,"Fast_A",26
19,"THUJ.SPP.ALL",4,"Fast_B",0
19,"THUJ.SPP.ALL",5,"MED",52
19,"THUJ.SPP.ALL",6,"Slow_A",757
19,"THUJ.SPP.ALL",7,"Slow_B",370
19,"THUJ.SPP.ALL",8,"Sng_Stem",0
19,"THUJ.SPP.ALL",9,"Sng_Oth",12
19,"THUJ.SPP.ALL",10,"Extra",0
19,"TSUG.CAN",1,"VF_A",0
19,"TSUG.CAN",2,"VF_B",0
19,"TSUG.CAN",3,"Fast_A",12
19,"TSUG.CAN",4,"Fast_B",0
19,"TSUG.CAN",5,"MED",24
19,"TSUG.CAN",6,"Slow_A",349
19,"TSUG.CAN",7,"Slow_B",170
19,"TSUG.CAN",8,"Sng_Stem",0
19,"TSUG.CAN",9,"Sng_Oth",6
19,"TSUG.CAN",10,"Extra",0
20,"ABIE.BAL",1,"VF_A",0
20,"ABIE.BAL",2,"VF_B",0
20,"ABIE.BAL",3,"Fast_A",2
20,"ABIE.BAL",4,"Fast_B",0
20,"ABIE.BAL",5,"MED",4
20,"ABIE.BAL",6,"Slow_A",54
20,"ABIE.BAL",7,"Slow_B",26
20,"ABIE.BAL",8,"Sng_Stem",0
20,"ABIE.BAL",9,"Sng_Oth",1
20,"ABIE.BAL",10,"Extra",0
20,"ACER.RUB",1,"VF_A",0
20,"ACER.RUB",2,"VF_B",0
20,"ACER.RUB",3,"Fast_A",4
20,"ACER.RUB",4,"Fast_B",0
20,"ACER.RUB",5,"MED",8
20,"ACER.RUB",6,"Slow_A",118
20,"ACER.RUB",7,"Slow_B",57
20,"ACER.RUB",8,"Sng_Stem",0
20,"ACER.RUB",9,"Sng_Oth",2
20,"ACER.RUB",10,"Extra",0
20,"ACER.SAH",1,"VF_A",0
20,"ACER.SAH",2,"VF_B",0
20,"ACER.SAH",3,"Fast_A",10
20,"ACER.SAH",4,"Fast_B",0
20,"ACER.SAH",5,"MED",20
20,"ACER.SAH",6,"Slow_A",291
20,"ACER.SAH",7,"Slow_B",142
20,"ACER.SAH",8,"Sng_Stem",0
20,"ACER.SAH",9,"Sng_Oth",5
20,"ACER.SAH",10,"Extra",0
20,"BETU.ALL",1,"VF_A",0
20,"BETU.ALL",2,"VF_B",0
20,"BETU.ALL",3,"Fast_A",15
20,"BETU.ALL",4,"Fast_B",0
20,"BETU.ALL",5,"MED",31
20,"BETU.ALL",6,"Slow_A",447
20,"BETU.ALL",7,"Slow_B",218
20,"BETU.ALL",8,"Sng_Stem",0
20,"BETU.ALL",9,"Sng_Oth",7
20,"BETU.ALL",10,"Extra",0
20,"BETU.PAP",1,"VF_A",0
20,"BETU.PAP",2,"VF_B",0
20,"BETU.PAP",3,"Fast_A",0
20,"BETU.PAP",4,"Fast_B",0
20,"BETU.PAP",5,"MED",0
20,"BETU.PAP",6,"Slow_A",4
20,"BETU.PAP",7,"Slow_B",2
20,"BETU.PAP",8,"Sng_Stem",0
20,"BETU.PAP",9,"Sng_Oth",0
20,"BETU.PAP",10,"Extra",0
20,"FAGU.GRA",1,"VF_A",0
20,"FAGU.GRA",2,"VF_B",0
20,"FAGU.GRA",3,"Fast_A",11
20,"FAGU.GRA",4,"Fast_B",0
20,"FAGU.GRA",5,"MED",22
20,"FAGU.GRA",6,"Slow_A",314
20,"FAGU.GRA",7,"Slow_B",154
20,"FAGU.GRA",8,"Sng_Stem",0
20,"FAGU.GRA",9,"Sng_Oth",5
20,"FAGU.GRA",10,"Extra",0
20,"LARI.LAR",1,"VF_A",0
20,"LARI.LAR",2,"VF_B",0
20,"LARI.LAR",3,"Fast_A",0
20,"LARI.LAR",4,"Fast_B",0
20,"LARI.LAR",5,"MED",0
20,"LARI.LAR",6,"Slow_A",4
20,"LARI.LAR",7,"Slow_B",2
20,"LARI.LAR",8,"Sng_Stem",0
20,"LARI.LAR",9,"Sng_Oth",0
20,"LARI.LAR",10,"Extra",0
20,"PICE.GLA",1,"VF_A",0
20,"PICE.GLA",2,"VF_B",0
20,"PICE.GLA",3,"Fast_A",9
20,"PICE.GLA",4,"Fast_B",0
20,"PICE.GLA",5,"MED",17
20,"PICE.GLA",6,"Slow_A",249
20,"PICE.GLA",7,"Slow_B",122
20,"PICE.GLA",8,"Sng_Stem",0
20,"PICE.GLA",9,"Sng_Oth",4
20,"PICE.GLA",10,"Extra",0
20,"PICE.MAR",1,"VF_A",0
20,"PICE.MAR",2,"VF_B",0
20,"PICE.MAR",3,"Fast_A",11
20,"PICE.MAR",4,"Fast_B",0
20,"PICE.MAR",5,"MED",22
20,"PICE.MAR",6,"Slow_A",320
20,"PICE.MAR",7,"Slow_B",156
20,"PICE.MAR",8,"Sng_Stem",0
20,"PICE.MAR",9,"Sng_Oth",5
20,"PICE.MAR",10,"Extra",0
20,"PICE.RUB",1,"VF_A",0
20,"PICE.RUB",2,"VF_B",0
20,"PICE.RUB",3,"Fast_A",44
20,"PICE.RUB",4,"Fast_B",0
20,"PICE.RUB",5,"MED",87
20,"PICE.RUB",6,"Slow_A",1272
20,"PICE.RUB",7,"Slow_B",621
20,"PICE.RUB",8,"Sng_Stem",0
20,"PICE.RUB",9,"Sng_Oth",21
20,"PICE.RUB",10,"Extra",0
20,"PINU.BAN",1,"VF_A",0
20,"PINU.BAN",2,"VF_B",0
20,"PINU.BAN",3,"Fast_A",1
20,"PINU.BAN",4,"Fast_B",0
20,"PINU.BAN",5,"MED",3
20,"PINU.BAN",6,"Slow_A",40
20,"PINU.BAN",7,"Slow_B",20
20,"PINU.BAN",8,"Sng_Stem",0
20,"PINU.BAN",9,"Sng_Oth",1
20,"PINU.BAN",10,"Extra",0
20,"PINU.RES",1,"VF_A",0
20,"PINU.RES",2,"VF_B",0
20,"PINU.RES",3,"Fast_A",18
20,"PINU.RES",4,"Fast_B",0
20,"PINU.RES",5,"MED",36
20,"PINU.RES",6,"Slow_A",526
20,"PINU.RES",7,"Slow_B",257
20,"PINU.RES",8,"Sng_Stem",0
20,"PINU.RES",9,"Sng_Oth",9
20,"PINU.RES",10,"Extra",0
20,"PINU.STR",1,"VF_A",0
20,"PINU.STR",2,"VF_B",0
20,"PINU.STR",3,"Fast_A",1
20,"PINU.STR",4,"Fast_B",0
20,"PINU.STR",5,"MED",3
20,"PINU.STR",6,"Slow_A",39
20,"PINU.STR",7,"Slow_B",19
20,"PINU.STR",8,"Sng_Stem",0
20,"PINU.STR",9,"Sng_Oth",1
20,"PINU.STR",10,"Extra",0
20,"POPU.TRE",1,"VF_A",0
20,"POPU.TRE",2,"VF_B",0
20,"POPU.TRE",3,"Fast_A",1
20,"POPU.TRE",4,"Fast_B",0
20,"POPU.TRE",5,"MED",2
20,"POPU.TRE",6,"Slow_A",23
20,"POPU.TRE",7,"Slow_B",11
20,"POPU.TRE",8,"Sng_Stem",0
20,"POPU.TRE",9,"Sng_Oth",0
20,"POPU.TRE",10,"Extra",0
20,"QUER.RUB",1,"VF_A",0
20,"QUER.RUB",2,"VF_B",0
20,"QUER.RUB",3,"Fast_A",8
20,"QUER.RUB",4,"Fast_B",0
20,"QUER.RUB",5,"MED",17
20,"QUER.RUB",6,"Slow_A",243
20,"QUER.RUB",7,"Slow_B",119
20,"QUER.RUB",8,"Sng_Stem",0
20,"QUER.RUB",9,"Sng_Oth",4
20,"QUER.RUB",10,"Extra",0
20,"THUJ.SPP.ALL",1,"VF_A",0
20,"THUJ.SPP.ALL",2,"VF_B",0
20,"THUJ.SPP.ALL",3,"Fast_A",23
20,"THUJ.SPP.ALL",4,"Fast_B",0
20,"THUJ.SPP.ALL",5,"MED",47
20,"THUJ.SPP.ALL",6,"Slow_A",682
20,"THUJ.SPP.ALL",7,"Slow_B",333
20,"THUJ.SPP.ALL",8,"Sng_Stem",0
20,"THUJ.SPP.ALL",9,"Sng_Oth",11
20,"THUJ.SPP.ALL",10,"Extra",0
20,"TSUG.CAN",1,"VF_A",0
20,"TSUG.CAN",2,"VF_B",0
20,"TSUG.CAN",3,"Fast_A",10
20,"TSUG.CAN",4,"Fast_B",0
20,"TSUG.CAN",5,"MED",19
20,"TSUG.CAN",6,"Slow_A",281
20,"TSUG.CAN",7,"Slow_B",137
20,"TSUG.CAN",8,"Sng_Stem",0
20,"TSUG.CAN",9,"Sng_Oth",5
20,"TSUG.CAN",10,"Extra",0
21,"ABIE.BAL",1,"VF_A",0
21,"ABIE.BAL",2,"VF_B",0
21,"ABIE.BAL",3,"Fast_A",2
21,"ABIE.BAL",4,"Fast_B",0
21,"ABIE.BAL",5,"MED",4
21,"ABIE.BAL",6,"Slow_A",64
21,"ABIE.BAL",7,"Slow_B",31
21,"ABIE.BAL",8,"Sng_Stem",0
21,"ABIE.BAL",9,"Sng_Oth",1
21,"ABIE.BAL",10,"Extra",0
21,"ACER.RUB",1,"VF_A",0
21,"ACER.RUB",2,"VF_B",0
21,"ACER.RUB",3,"Fast_A",3
21,"ACER.RUB",4,"Fast_B",0
21,"ACER.RUB",5,"MED",7
21,"ACER.RUB",6,"Slow_A",99
21,"ACER.RUB",7,"Slow_B",48
21,"ACER.RUB",8,"Sng_Stem",0
21,"ACER.RUB",9,"Sng_Oth",2
21,"ACER.RUB",10,"Extra",0
21,"ACER.SAH",1,"VF_A",0
21,"ACER.SAH",2,"VF_B",0
21,"ACER.SAH",3,"Fast_A",10
21,"ACER.SAH",4,"Fast_B",0
21,"ACER.SAH",5,"MED",20
21,"ACER.SAH",6,"Slow_A",296
21,"ACER.SAH",7,"Slow_B",144
21,"ACER.SAH",8,"Sng_Stem",0
21,"ACER.SAH",9,"Sng_Oth",5
21,"ACER.SAH",10,"Extra",0
21,"BETU.ALL",1,"VF_A",0
21,"BETU.ALL",2,"VF_B",0
21,"BETU.ALL",3,"Fast_A",14
21,"BETU.ALL",4,"Fast_B",0
21,"BETU.ALL",5,"MED",28
21,"BETU.ALL",6,"Slow_A",405
21,"BETU.ALL",7,"Slow_B",198
21,"BETU.ALL",8,"Sng_Stem",0
21,"BETU.ALL",9,"Sng_Oth",7
21,"BETU.ALL",10,"Extra",0
21,"BETU.PAP",1,"VF_A",0
21,"BETU.PAP",2,"VF_B",0
21,"BETU.PAP",3,"Fast_A",0
21,"BETU.PAP",4,"Fast_B",0
21,"BETU.PAP",5,"MED",0
21,"BETU.PAP",6,"Slow_A",4
21,"BETU.PAP",7,"Slow_B",2
21,"BETU.PAP",8,"Sng_Stem",0
21,"BETU.PAP",9,"Sng_Oth",0
21,"BETU.PAP",10,"Extra",0
21,"FAGU.GRA",1,"VF_A",0
21,"FAGU.GRA",2,"VF_B",0
21,"FAGU.GRA",3,"Fast_A",10
21,"FAGU.GRA",4,"Fast_B",0
21,"FAGU.GRA",5,"MED",19
21,"FAGU.GRA",6,"Slow_A",283
21,"FAGU.GRA",7,"Slow_B",138
21,"FAGU.GRA",8,"Sng_Stem",0
21,"FAGU.GRA",9,"Sng_Oth",5
21,"FAGU.GRA",10,"Extra",0
21,"LARI.LAR",1,"VF_A",0
21,"LARI.LAR",2,"VF_B",0
21,"LARI.LAR",3,"Fast_A",0
21,"LARI.LAR",4,"Fast_B",0
21,"LARI.LAR",5,"MED",0
21,"LARI.LAR",6,"Slow_A",4
21,"LARI.LAR",7,"Slow_B",2
21,"LARI.LAR",8,"Sng_Stem",0
21,"LARI.LAR",9,"Sng_Oth",0
21,"LARI.LAR",10,"Extra",0
21,"PICE.GLA",1,"VF_A",0
21,"PICE.GLA",2,"VF_B",0
21,"PICE.GLA",3,"Fast_A",7
21,"PICE.GLA",4,"Fast_B",0
21,"PICE.GLA",5,"MED",14
21,"PICE.GLA",6,"Slow_A",198
21,"PICE.GLA",7,"Slow_B",97
21,"PICE.GLA",8,"Sng_Stem",0
21,"PICE.GLA",9,"Sng_Oth",3
21,"PICE.GLA",10,"Extra",0
21,"PICE.MAR",1,"VF_A",0
21,"PICE.MAR",2,"VF_B",0
21,"PICE.MAR",3,"Fast_A",11
21,"PICE.MAR",4,"Fast_B",0
21,"PICE.MAR",5,"MED",23
21,"PICE.MAR",6,"Slow_A",332
21,"PICE.MAR",7,"Slow_B",162
21,"PICE.MAR",8,"Sng_Stem",0
21,"PICE.MAR",9,"Sng_Oth",5
21,"PICE.MAR",10,"Extra",0
21,"PICE.RUB",1,"VF_A",0
21,"PICE.RUB",2,"VF_B",0
21,"PICE.RUB",3,"Fast_A",46
21,"PICE.RUB",4,"Fast_B",0
21,"PICE.RUB",5,"MED",91
21,"PICE.RUB",6,"Slow_A",1326
21,"PICE.RUB",7,"Slow_B",647
21,"PICE.RUB",8,"Sng_Stem",0
21,"PICE.RUB",9,"Sng_Oth",22
21,"PICE.RUB",10,"Extra",0
21,"PINU.BAN",1,"VF_A",0
21,"PINU.BAN",2,"VF_B",0
21,"PINU.BAN",3,"Fast_A",1
21,"PINU.BAN",4,"Fast_B",0
21,"PINU.BAN",5,"MED",3
21,"PINU.BAN",6,"Slow_A",41
21,"PINU.BAN",7,"Slow_B",20
21,"PINU.BAN",8,"Sng_Stem",0
21,"PINU.BAN",9,"Sng_Oth",1
21,"PINU.BAN",10,"Extra",0
21,"PINU.RES",1,"VF_A",0
21,"PINU.RES",2,"VF_B",0
21,"PINU.RES",3,"Fast_A",20
21,"PINU.RES",4,"Fast_B",0
21,"PINU.RES",5,"MED",39
21,"PINU.RES",6,"Slow_A",575
21,"PINU.RES",7,"Slow_B",281
21,"PINU.RES",8,"Sng_Stem",0
21,"PINU.RES",9,"Sng_Oth",9
21,"PINU.RES",10,"Extra",0
21,"PINU.STR",1,"VF_A",0
21,"PINU.STR",2,"VF_B",0
21,"PINU.STR",3,"Fast_A",1
21,"PINU.STR",4,"Fast_B",0
21,"PINU.STR",5,"MED",2
21,"PINU.STR",6,"Slow_A",29
21,"PINU.STR",7,"Slow_B",14
21,"PINU.STR",8,"Sng_Stem",0
21,"PINU.STR",9,"Sng_Oth",0
21,"PINU.STR",10,"Extra",0
21,"POPU.TRE",1,"VF_A",0
21,"POPU.TRE",2,"VF_B",0
21,"POPU.TRE",3,"Fast_A",1
21,"POPU.TRE",4,"Fast_B",0
21,"POPU.TRE",5,"MED",1
21,"POPU.TRE",6,"Slow_A",16
21,"POPU.TRE",7,"Slow_B",8
21,"POPU.TRE",8,"Sng_Stem",0
21,"POPU.TRE",9,"Sng_Oth",0
21,"POPU.TRE",10,"Extra",0
21,"QUER.RUB",1,"VF_A",0
21,"QUER.RUB",2,"VF_B",0
21,"QUER.RUB",3,"Fast_A",12
21,"QUER.RUB",4,"Fast_B",0
21,"QUER.RUB",5,"MED",24
21,"QUER.RUB",6,"Slow_A",344
21,"QUER.RUB",7,"Slow_B",168
21,"QUER.RUB",8,"Sng_Stem",0
21,"QUER.RUB",9,"Sng_Oth",6
21,"QUER.RUB",10,"Extra",0
21,"THUJ.SPP.ALL",1,"VF_A",0
21,"THUJ.SPP.ALL",2,"VF_B",0
21,"THUJ.SPP.ALL",3,"Fast_A",21
21,"THUJ.SPP.ALL",4,"Fast_B",0
21,"THUJ.SPP.ALL",5,"MED",41
21,"THUJ.SPP.ALL",6,"Slow_A",605
21,"THUJ.SPP.ALL",7,"Slow_B",295
21,"THUJ.SPP.ALL",8,"Sng_Stem",0
21,"THUJ.SPP.ALL",9,"Sng_Oth",10
21,"THUJ.SPP.ALL",10,"Extra",0
21,"TSUG.CAN",1,"VF_A",0
21,"TSUG.CAN",2,"VF_B",0
21,"TSUG.CAN",3,"Fast_A",10
21,"TSUG.CAN",4,"Fast_B",0
21,"TSUG.CAN",5,"MED",20
21,"TSUG.CAN",6,"Slow_A",288
21,"TSUG.CAN",7,"Slow_B",141
21,"TSUG.CAN",8,"Sng_Stem",0
21,"TSUG.CAN",9,"Sng_Oth",5
21,"TSUG.CAN",10,"Extra",0
69,"ABIE.BAL",1,"VF_A",0
69,"ABIE.BAL",2,"VF_B",0
69,"ABIE.BAL",3,"Fast_A",5
69,"ABIE.BAL",4,"Fast_B",0
69,"ABIE.BAL",5,"MED",11
69,"ABIE.BAL",6,"Slow_A",158
69,"ABIE.BAL",7,"Slow_B",77
69,"ABIE.BAL",8,"Sng_Stem",0
69,"ABIE.BAL",9,"Sng_Oth",3
69,"ABIE.BAL",10,"Extra",0
69,"ACER.RUB",1,"VF_A",0
69,"ACER.RUB",2,"VF_B",0
69,"ACER.RUB",3,"Fast_A",6
69,"ACER.RUB",4,"Fast_B",0
69,"ACER.RUB",5,"MED",12
69,"ACER.RUB",6,"Slow_A",174
69,"ACER.RUB",7,"Slow_B",85
69,"ACER.RUB",8,"Sng_Stem",0
69,"ACER.RUB",9,"Sng_Oth",3
69,"ACER.RUB",10,"Extra",0
69,"ACER.SAH",1,"VF_A",0
69,"ACER.SAH",2,"VF_B",0
69,"ACER.SAH",3,"Fast_A",17
69,"ACER.SAH",4,"Fast_B",0
69,"ACER.SAH",5,"MED",34
69,"ACER.SAH",6,"Slow_A",498
69,"ACER.SAH",7,"Slow_B",243
69,"ACER.SAH",8,"Sng_Stem",0
69,"ACER.SAH",9,"Sng_Oth",8
69,"ACER.SAH",10,"Extra",0
69,"BETU.ALL",1,"VF_A",0
69,"BETU.ALL",2,"VF_B",0
69,"BETU.ALL",3,"Fast_A",16
69,"BETU.ALL",4,"Fast_B",0
69,"BETU.ALL",5,"MED",32
69,"BETU.ALL",6,"Slow_A",464
69,"BETU.ALL",7,"Slow_B",226
69,"BETU.ALL",8,"Sng_Stem",0
69,"BETU.ALL",9,"Sng_Oth",8
69,"BETU.ALL",10,"Extra",0
69,"BETU.PAP",1,"VF_A",0
69,"BETU.PAP",2,"VF_B",0
69,"BETU.PAP",3,"Fast_A",0
69,"BETU.PAP",4,"Fast_B",0
69,"BETU.PAP",5,"MED",0
69,"BETU.PAP",6,"Slow_A",5
69,"BETU.PAP",7,"Slow_B",3
69,"BETU.PAP",8,"Sng_Stem",0
69,"BETU.PAP",9,"Sng_Oth",0
69,"BETU.PAP",10,"Extra",0
69,"FAGU.GRA",1,"VF_A",0
69,"FAGU.GRA",2,"VF_B",0
69,"FAGU.GRA",3,"Fast_A",5
69,"FAGU.GRA",4,"Fast_B",0
69,"FAGU.GRA",5,"MED",10
69,"FAGU.GRA",6,"Slow_A",153
69,"FAGU.GRA",7,"Slow_B",75
69,"FAGU.GRA",8,"Sng_Stem",0
69,"FAGU.GRA",9,"Sng_Oth",2
69,"FAGU.GRA",10,"Extra",0
69,"LARI.LAR",1,"VF_A",0
69,"LARI.LAR",2,"VF_B",0
69,"LARI.LAR",3,"Fast_A",0
69,"LARI.LAR",4,"Fast_B",0
69,"LARI.LAR",5,"MED",0
69,"LARI.LAR",6,"Slow_A",5
69,"LARI.LAR",7,"Slow_B",3
69,"LARI.LAR",8,"Sng_Stem",0
69,"LARI.LAR",9,"Sng_Oth",0
69,"LARI.LAR",10,"Extra",0
69,"PICE.GLA",1,"VF_A",0
69,"PICE.GLA",2,"VF_B",0
69,"PICE.GLA",3,"Fast_A",17
69,"PICE.GLA",4,"Fast_B",0
69,"PICE.GLA",5,"MED",34
69,"PICE.GLA",6,"Slow_A",489
69,"PICE.GLA",7,"Slow_B",239
69,"PICE.GLA",8,"Sng_Stem",0
69,"PICE.GLA",9,"Sng_Oth",8
69,"PICE.GLA",10,"Extra",0
69,"PICE.MAR",1,"VF_A",0
69,"PICE.MAR",2,"VF_B",0
69,"PICE.MAR",3,"Fast_A",9
69,"PICE.MAR",4,"Fast_B",0
69,"PICE.MAR",5,"MED",19
69,"PICE.MAR",6,"Slow_A",274
69,"PICE.MAR",7,"Slow_B",134
69,"PICE.MAR",8,"Sng_Stem",0
69,"PICE.MAR",9,"Sng_Oth",4
69,"PICE.MAR",10,"Extra",0
69,"PICE.RUB",1,"VF_A",0
69,"PICE.RUB",2,"VF_B",0
69,"PICE.RUB",3,"Fast_A",26
69,"PICE.RUB",4,"Fast_B",0
69,"PICE.RUB",5,"MED",52
69,"PICE.RUB",6,"Slow_A",757
69,"PICE.RUB",7,"Slow_B",370
69,"PICE.RUB",8,"Sng_Stem",0
69,"PICE.RUB",9,"Sng_Oth",12
69,"PICE.RUB",10,"Extra",0
69,"PINU.BAN",1,"VF_A",0
69,"PINU.BAN",2,"VF_B",0
69,"PINU.BAN",3,"Fast_A",1
69,"PINU.BAN",4,"Fast_B",0
69,"PINU.BAN",5,"MED",2
69,"PINU.BAN",6,"Slow_A",26
69,"PINU.BAN",7,"Slow_B",13
69,"PINU.BAN",8,"Sng_Stem",0
69,"PINU.BAN",9,"Sng_Oth",0
69,"PINU.BAN",10,"Extra",0
69,"PINU.RES",1,"VF_A",0
69,"PINU.RES",2,"VF_B",0
69,"PINU.RES",3,"Fast_A",20
69,"PINU.RES",4,"Fast_B",0
69,"PINU.RES",5,"MED",40
69,"PINU.RES",6,"Slow_A",589
69,"PINU.RES",7,"Slow_B",287
69,"PINU.RES",8,"Sng_Stem",0
69,"PINU.RES",9,"Sng_Oth",10
69,"PINU.RES",10,"Extra",0
69,"PINU.STR",1,"VF_A",0
69,"PINU.STR",2,"VF_B",0
69,"PINU.STR",3,"Fast_A",1
69,"PINU.STR",4,"Fast_B",0
69,"PINU.STR",5,"MED",1
69,"PINU.STR",6,"Slow_A",21
69,"PINU.STR",7,"Slow_B",10
69,"PINU.STR",8,"Sng_Stem",0
69,"PINU.STR",9,"Sng_Oth",0
69,"PINU.STR",10,"Extra",0
69,"POPU.TRE",1,"VF_A",0
69,"POPU.TRE",2,"VF_B",0
69,"POPU.TRE",3,"Fast_A",2
69,"POPU.TRE",4,"Fast_B",0
69,"POPU.TRE",5,"MED",4
69,"POPU.TRE",6,"Slow_A",58
69,"POPU.TRE",7,"Slow_B",28
69,"POPU.TRE",8,"Sng_Stem",0
69,"POPU.TRE",9,"Sng_Oth",1
69,"POPU.TRE",10,"Extra",0
69,"QUER.RUB",1,"VF_A",0
69,"QUER.RUB",2,"VF_B",0
69,"QUER.RUB",3,"Fast_A",15
69,"QUER.RUB",4,"Fast_B",0
69,"QUER.RUB",5,"MED",29
69,"QUER.RUB",6,"Slow_A",424
69,"QUER.RUB",7,"Slow_B",207
69,"QUER.RUB",8,"Sng_Stem",0
69,"QUER.RUB",9,"Sng_Oth",7
69,"QUER.RUB",10,"Extra",0
69,"THUJ.SPP.ALL",1,"VF_A",0
69,"THUJ.SPP.ALL",2,"VF_B",0
69,"THUJ.SPP.ALL",3,"Fast_A",20
69,"THUJ.SPP.ALL",4,"Fast_B",0
69,"THUJ.SPP.ALL",5,"MED",40
69,"THUJ.SPP.ALL",6,"Slow_A",585
69,"THUJ.SPP.ALL",7,"Slow_B",286
69,"THUJ.SPP.ALL",8,"Sng_Stem",0
69,"THUJ.SPP.ALL",9,"Sng_Oth",10
69,"THUJ.SPP.ALL",10,"Extra",0
69,"TSUG.CAN",1,"VF_A",0
69,"TSUG.CAN",2,"VF_B",0
69,"TSUG.CAN",3,"Fast_A",8
69,"TSUG.CAN",4,"Fast_B",0
69,"TSUG.CAN",5,"MED",16
69,"TSUG.CAN",6,"Slow_A",228
69,"TSUG.CAN",7,"Slow_B",111
69,"TSUG.CAN",8,"Sng_Stem",0
69,"TSUG.CAN",9,"Sng_Oth",4
69,"TSUG.CAN",10,"Extra",0
70,"ABIE.BAL",1,"VF_A",0
70,"ABIE.BAL",2,"VF_B",0
70,"ABIE.BAL",3,"Fast_A",5
70,"ABIE.BAL",4,"Fast_B",0
70,"ABIE.BAL",5,"MED",10
70,"ABIE.BAL",6,"Slow_A",145
70,"ABIE.BAL",7,"Slow_B",71
70,"ABIE.BAL",8,"Sng_Stem",0
70,"ABIE.BAL",9,"Sng_Oth",2
70,"ABIE.BAL",10,"Extra",0
70,"ACER.RUB",1,"VF_A",0
70,"ACER.RUB",2,"VF_B",0
70,"ACER.RUB",3,"Fast_A",7
70,"ACER.RUB",4,"Fast_B",0
70,"ACER.RUB",5,"MED",13
70,"ACER.RUB",6,"Slow_A",194
70,"ACER.RUB",7,"Slow_B",95
70,"ACER.RUB",8,"Sng_Stem",0
70,"ACER.RUB",9,"Sng_Oth",3
70,"ACER.RUB",10,"Extra",0
70,"ACER.SAH",1,"VF_A",0
70,"ACER.SAH",2,"VF_B",0
70,"ACER.SAH",3,"Fast_A",17
70,"ACER.SAH",4,"Fast_B",0
70,"ACER.SAH",5,"MED",33
70,"ACER.SAH",6,"Slow_A",484
70,"ACER.SAH",7,"Slow_B",236
70,"ACER.SAH",8,"Sng_Stem",0
70,"ACER.SAH",9,"Sng_Oth",8
70,"ACER.SAH",10,"Extra",0
70,"BETU.ALL",1,"VF_A",0
70,"BETU.ALL",2,"VF_B",0
70,"BETU.ALL",3,"Fast_A",19
70,"BETU.ALL",4,"Fast_B",0
70,"BETU.ALL",5,"MED",38
70,"BETU.ALL",6,"Slow_A",553
70,"BETU.ALL",7,"Slow_B",270
70,"BETU.ALL",8,"Sng_Stem",0
70,"BETU.ALL",9,"Sng_Oth",9
70,"BETU.ALL",10,"Extra",0
70,"BETU.PAP",1,"VF_A",0
70,"BETU.PAP",2,"VF_B",0
70,"BETU.PAP",3,"Fast_A",0
70,"BETU.PAP",4,"Fast_B",0
70,"BETU.PAP",5,"MED",0
70,"BETU.PAP",6,"Slow_A",7
70,"BETU.PAP",7,"Slow_B",3
70,"BETU.PAP",8,"Sng_Stem",0
70,"BETU.PAP",9,"Sng_Oth",0
70,"BETU.PAP",10,"Extra",0
70,"FAGU.GRA",1,"VF_A",0
70,"FAGU.GRA",2,"VF_B",0
70,"FAGU.GRA",3,"Fast_A",8
70,"FAGU.GRA",4,"Fast_B",0
70,"FAGU.GRA",5,"MED",15
70,"FAGU.GRA",6,"Slow_A",218
70,"FAGU.GRA",7,"Slow_B",107
70,"FAGU.GRA",8,"Sng_Stem",0
70,"FAGU.GRA",9,"Sng_Oth",4
70,"FAGU.GRA",10,"Extra",0
70,"LARI.LAR",1,"VF_A",0
70,"LARI.LAR",2,"VF_B",0
70,"LARI.LAR",3,"Fast_A",0
70,"LARI.LAR",4,"Fast_B",0
70,"LARI.LAR",5,"MED",0
70,"LARI.LAR",6,"Slow_A",7
70,"LARI.LAR",7,"Slow_B",3
70,"LARI.LAR",8,"Sng_Stem",0
70,"LARI.LAR",9,"Sng_Oth",0
70,"LARI.LAR",10,"Extra",0
70,"PICE.GLA",1,"VF_A",0
70,"PICE.GLA",2,"VF_B",0
70,"PICE.GLA",3,"Fast_A",15
70,"PICE.GLA",4,"Fast_B",0
70,"PICE.GLA",5,"MED",29
70,"PICE.GLA",6,"Slow_A",426
70,"PICE.GLA",7,"Slow_B",208
70,"PICE.GLA",8,"Sng_Stem",0
70,"PICE.GLA",9,"Sng_Oth",7
70,"PICE.GLA",10,"Extra",0
70,"PICE.MAR",1,"VF_A",0
70,"PICE.MAR",2,"VF_B",0
70,"PICE.MAR",3,"Fast_A",13
70,"PICE.MAR",4,"Fast_B",0
70,"PICE.MAR",5,"MED",26
70,"PICE.MAR",6,"Slow_A",372
70,"PICE.MAR",7,"Slow_B",182
70,"PICE.MAR",8,"Sng_Stem",0
70,"PICE.MAR",9,"Sng_Oth",6
70,"PICE.MAR",10,"Extra",0
70,"PICE.RUB",1,"VF_A",0
70,"PICE.RUB",2,"VF_B",0
70,"PICE.RUB",3,"Fast_A",31
70,"PICE.RUB",4,"Fast_B",0
70,"PICE.RUB",5,"MED",61
70,"PICE.RUB",6,"Slow_A",892
70,"PICE.RUB",7,"Slow_B",436
70,"PICE.RUB",8,"Sng_Stem",0
70,"PICE.RUB",9,"Sng_Oth",15
70,"PICE.RUB",10,"Extra",0
70,"PINU.BAN",1,"VF_A",0
70,"PINU.BAN",2,"VF_B",0
70,"PINU.BAN",3,"Fast_A",1
70,"PINU.BAN",4,"Fast_B",0
70,"PINU.BAN",5,"MED",2
70,"PINU.BAN",6,"Slow_A",26
70,"PINU.BAN",7,"Slow_B",13
70,"PINU.BAN",8,"Sng_Stem",0
70,"PINU.BAN",9,"Sng_Oth",0
70,"PINU.BAN",10,"Extra",0
70,"PINU.RES",1,"VF_A",0
70,"PINU.RES",2,"VF_B",0
70,"PINU.RES",3,"Fast_A",17
70,"PINU.RES",4,"Fast_B",0
70,"PINU.RES",5,"MED",33
70,"PINU.RES",6,"Slow_A",485
70,"PINU.RES",7,"Slow_B",237
70,"PINU.RES",8,"Sng_Stem",0
70,"PINU.RES",9,"Sng_Oth",8
70,"PINU.RES",10,"Extra",0
70,"PINU.STR",1,"VF_A",0
70,"PINU.STR",2,"VF_B",0
70,"PINU.STR",3,"Fast_A",1
70,"PINU.STR",4,"Fast_B",0
70,"PINU.STR",5,"MED",2
70,"PINU.STR",6,"Slow_A",29
70,"PINU.STR",7,"Slow_B",14
70,"PINU.STR",8,"Sng_Stem",0
70,"PINU.STR",9,"Sng_Oth",0
70,"PINU.STR",10,"Extra",0
70,"POPU.TRE",1,"VF_A",0
70,"POPU.TRE",2,"VF_B",0
70,"POPU.TRE",3,"Fast_A",2
70,"POPU.TRE",4,"Fast_B",0
70,"POPU.TRE",5,"MED",5
70,"POPU.TRE",6,"Slow_A",71
70,"POPU.TRE",7,"Slow_B",35
70,"POPU.TRE",8,"Sng_Stem",0
70,"POPU.TRE",9,"Sng_Oth",1
70,"POPU.TRE",10,"Extra",0
70,"QUER.RUB",1,"VF_A",0
70,"QUER.RUB",2,"VF_B",0
70,"QUER.RUB",3,"Fast_A",8
70,"QUER.RUB",4,"Fast_B",0
70,"QUER.RUB",5,"MED",15
70,"QUER.RUB",6,"Slow_A",225
70,"QUER.RUB",7,"Slow_B",110
70,"QUER.RUB",8,"Sng_Stem",0
70,"QUER.RUB",9,"Sng_Oth",4
70,"QUER.RUB",10,"Extra",0
70,"THUJ.SPP.ALL",1,"VF_A",0
70,"THUJ.SPP.ALL",2,"VF_B",0
70,"THUJ.SPP.ALL",3,"Fast_A",20
70,"THUJ.SPP.ALL",4,"Fast_B",0
70,"THUJ.SPP.ALL",5,"MED",40
70,"THUJ.SPP.ALL",6,"Slow_A",584
70,"THUJ.SPP.ALL",7,"Slow_B",285
70,"THUJ.SPP.ALL",8,"Sng_Stem",0
70,"THUJ.SPP.ALL",9,"Sng_Oth",9
70,"THUJ.SPP.ALL",10,"Extra",0
70,"TSUG.CAN",1,"VF_A",0
70,"TSUG.CAN",2,"VF_B",0
70,"TSUG.CAN",3,"Fast_A",7
70,"TSUG.CAN",4,"Fast_B",0
70,"TSUG.CAN",5,"MED",13
70,"TSUG.CAN",6,"Slow_A",191
70,"TSUG.CAN",7,"Slow_B",93
70,"TSUG.CAN",8,"Sng_Stem",0
70,"TSUG.CAN",9,"Sng_Oth",3
70,"TSUG.CAN",10,"Extra",0
71,"ABIE.BAL",1,"VF_A",0
71,"ABIE.BAL",2,"VF_B",0
71,"ABIE.BAL",3,"Fast_A",4
71,"ABIE.BAL",4,"Fast_B",0
71,"ABIE.BAL",5,"MED",9
71,"ABIE.BAL",6,"Slow_A",130
71,"ABIE.BAL",7,"Slow_B",63
71,"ABIE.BAL",8,"Sng_Stem",0
71,"ABIE.BAL",9,"Sng_Oth",2
71,"ABIE.BAL",10,"Extra",0
71,"ACER.RUB",1,"VF_A",0
71,"ACER.RUB",2,"VF_B",0
71,"ACER.RUB",3,"Fast_A",6
71,"ACER.RUB",4,"Fast_B",0
71,"ACER.RUB",5,"MED",13
71,"ACER.RUB",6,"Slow_A",188
71,"ACER.RUB",7,"Slow_B",92
71,"ACER.RUB",8,"Sng_Stem",0
71,"ACER.RUB",9,"Sng_Oth",3
71,"ACER.RUB",10,"Extra",0
71,"ACER.SAH",1,"VF_A",0
71,"ACER.SAH",2,"VF_B",0
71,"ACER.SAH",3,"Fast_A",12
71,"ACER.SAH",4,"Fast_B",0
71,"ACER.SAH",5,"MED",25
71,"ACER.SAH",6,"Slow_A",360
71,"ACER.SAH",7,"Slow_B",176
71,"ACER.SAH",8,"Sng_Stem",0
71,"ACER.SAH",9,"Sng_Oth",6
71,"ACER.SAH",10,"Extra",0
71,"BETU.ALL",1,"VF_A",0
71,"BETU.ALL",2,"VF_B",0
71,"BETU.ALL",3,"Fast_A",17
71,"BETU.ALL",4,"Fast_B",0
71,"BETU.ALL",5,"MED",35
71,"BETU.ALL",6,"Slow_A",506
71,"BETU.ALL",7,"Slow_B",247
71,"BETU.ALL",8,"Sng_Stem",0
71,"BETU.ALL",9,"Sng_Oth",8
71,"BETU.ALL",10,"Extra",0
71,"BETU.PAP",1,"VF_A",0
71,"BETU.PAP",2,"VF_B",0
71,"BETU.PAP",3,"Fast_A",0
71,"BETU.PAP",4,"Fast_B",0
71,"BETU.PAP",5,"MED",0
71,"BETU.PAP",6,"Slow_A",6
71,"BETU.PAP",7,"Slow_B",3
71,"BETU.PAP",8,"Sng_Stem",0
71,"BETU.PAP",9,"Sng_Oth",0
71,"BETU.PAP",10,"Extra",0
71,"FAGU.GRA",1,"VF_A",0
71,"FAGU.GRA",2,"VF_B",0
71,"FAGU.GRA",3,"Fast_A",8
71,"FAGU.GRA",4,"Fast_B",0
71,"FAGU.GRA",5,"MED",16
71,"FAGU.GRA",6,"Slow_A",228
71,"FAGU.GRA",7,"Slow_B",112
71,"FAGU.GRA",8,"Sng_Stem",0
71,"FAGU.GRA",9,"Sng_Oth",4
71,"FAGU.GRA",10,"Extra",0
71,"LARI.LAR",1,"VF_A",0
71,"LARI.LAR",2,"VF_B",0
71,"LARI.LAR",3,"Fast_A",0
71,"LARI.LAR",4,"Fast_B",0
71,"LARI.LAR",5,"MED",0
71,"LARI.LAR",6,"Slow_A",7
71,"LARI.LAR",7,"Slow_B",3
71,"LARI.LAR",8,"Sng_Stem",0
71,"LARI.LAR",9,"Sng_Oth",0
71,"LARI.LAR",10,"Extra",0
71,"PICE.GLA",1,"VF_A",0
71,"PICE.GLA",2,"VF_B",0
71,"PICE.GLA",3,"Fast_A",13
71,"PICE.GLA",4,"Fast_B",0
71,"PICE.GLA",5,"MED",27
71,"PICE.GLA",6,"Slow_A",388
71,"PICE.GLA",7,"Slow_B",189
71,"PICE.GLA",8,"Sng_Stem",0
71,"PICE.GLA",9,"Sng_Oth",6
71,"PICE.GLA",10,"Extra",0
71,"PICE.MAR",1,"VF_A",0
71,"PICE.MAR",2,"VF_B",0
71,"PICE.MAR",3,"Fast_A",11
71,"PICE.MAR",4,"Fast_B",0
71,"PICE.MAR",5,"MED",22
71,"PICE.MAR",6,"Slow_A",318
71,"PICE.MAR",7,"Slow_B",155
71,"PICE.MAR",8,"Sng_Stem",0
71,"PICE.MAR",9,"Sng_Oth",5
71,"PICE.MAR",10,"Extra",0
71,"PICE.RUB",1,"VF_A",0
71,"PICE.RUB",2,"VF_B",0
71,"PICE.RUB",3,"Fast_A",34
71,"PICE.RUB",4,"Fast_B",0
71,"PICE.RUB",5,"MED",67
71,"PICE.RUB",6,"Slow_A",984
71,"PICE.RUB",7,"Slow_B",481
71,"PICE.RUB",8,"Sng_Stem",0
71,"PICE.RUB",9,"Sng_Oth",16
71,"PICE.RUB",10,"Extra",0
71,"PINU.BAN",1,"VF_A",0
71,"PINU.BAN",2,"VF_B",0
71,"PINU.BAN",3,"Fast_A",0
71,"PINU.BAN",4,"Fast_B",0
71,"PINU.BAN",5,"MED",0
71,"PINU.BAN",6,"Slow_A",2
71,"PINU.BAN",7,"Slow_B",1
71,"PINU.BAN",8,"Sng_Stem",0
71,"PINU.BAN",9,"Sng_Oth",0
71,"PINU.BAN",10,"Extra",0
71,"PINU.RES",1,"VF_A",0
71,"PINU.RES",2,"VF_B",0
71,"PINU.RES",3,"Fast_A",9
71,"PINU.RES",4,"Fast_B",0
71,"PINU.RES",5,"MED",18
71,"PINU.RES",6,"Slow_A",256
71,"PINU.RES",7,"Slow_B",125
71,"PINU.RES",8,"Sng_Stem",0
71,"PINU.RES",9,"Sng_Oth",4
71,"PINU.RES",10,"Extra",0
71,"PINU.STR",1,"VF_A",0
71,"PINU.STR",2,"VF_B",0
71,"PINU.STR",3,"Fast_A",1
71,"PINU.STR",4,"Fast_B",0
71,"PINU.STR",5,"MED",2
71,"PINU.STR",6,"Slow_A",30
71,"PINU.STR",7,"Slow_B",15
71,"PINU.STR",8,"Sng_Stem",0
71,"PINU.STR",9,"Sng_Oth",0
71,"PINU.STR",10,"Extra",0
71,"POPU.TRE",1,"VF_A",0
71,"POPU.TRE",2,"VF_B",0
71,"POPU.TRE",3,"Fast_A",1
71,"POPU.TRE",4,"Fast_B",0
71,"POPU.TRE",5,"MED",2
71,"POPU.TRE",6,"Slow_A",35
71,"POPU.TRE",7,"Slow_B",17
71,"POPU.TRE",8,"Sng_Stem",0
71,"POPU.TRE",9,"Sng_Oth",1
71,"POPU.TRE",10,"Extra",0
71,"QUER.RUB",1,"VF_A",0
71,"QUER.RUB",2,"VF_B",0
71,"QUER.RUB",3,"Fast_A",19
71,"QUER.RUB",4,"Fast_B",0
71,"QUER.RUB",5,"MED",38
71,"QUER.RUB",6,"Slow_A",550
71,"QUER.RUB",7,"Slow_B",269
71,"QUER.RUB",8,"Sng_Stem",0
71,"QUER.RUB",9,"Sng_Oth",9
71,"QUER.RUB",10,"Extra",0
71,"THUJ.SPP.ALL",1,"VF_A",0
71,"THUJ.SPP.ALL",2,"VF_B",0
71,"THUJ.SPP.ALL",3,"Fast_A",26
71,"THUJ.SPP.ALL",4,"Fast_B",0
71,"THUJ.SPP.ALL",5,"MED",51
71,"THUJ.SPP.ALL",6,"Slow_A",749
71,"THUJ.SPP.ALL",7,"Slow_B",366
71,"THUJ.SPP.ALL",8,"Sng_Stem",0
71,"THUJ.SPP.ALL",9,"Sng_Oth",12
71,"THUJ.SPP.ALL",10,"Extra",0
71,"TSUG.CAN",1,"VF_A",0
71,"TSUG.CAN",2,"VF_B",0
71,"TSUG.CAN",3,"Fast_A",6
71,"TSUG.CAN",4,"Fast_B",0
71,"TSUG.CAN",5,"MED",12
71,"TSUG.CAN",6,"Slow_A",172
71,"TSUG.CAN",7,"Slow_B",84
71,"TSUG.CAN",8,"Sng_Stem",0
71,"TSUG.CAN",9,"Sng_Oth",3
71,"TSUG.CAN",10,"Extra",0
72,"ABIE.BAL",1,"VF_A",0
72,"ABIE.BAL",2,"VF_B",0
72,"ABIE.BAL",3,"Fast_A",5
72,"ABIE.BAL",4,"Fast_B",0
72,"ABIE.BAL",5,"MED",10
72,"ABIE.BAL",6,"Slow_A",148
72,"ABIE.BAL",7,"Slow_B",72
72,"ABIE.BAL",8,"Sng_Stem",0
72,"ABIE.BAL",9,"Sng_Oth",2
72,"ABIE.BAL",10,"Extra",0
72,"ACER.RUB",1,"VF_A",0
72,"ACER.RUB",2,"VF_B",0
72,"ACER.RUB",3,"Fast_A",5
72,"ACER.RUB",4,"Fast_B",0
72,"ACER.RUB",5,"MED",10
72,"ACER.RUB",6,"Slow_A",152
72,"ACER.RUB",7,"Slow_B",74
72,"ACER.RUB",8,"Sng_Stem",0
72,"ACER.RUB",9,"Sng_Oth",2
72,"ACER.RUB",10,"Extra",0
72,"ACER.SAH",1,"VF_A",0
72,"ACER.SAH",2,"VF_B",0
72,"ACER.SAH",3,"Fast_A",16
72,"ACER.SAH",4,"Fast_B",0
72,"ACER.SAH",5,"MED",32
72,"ACER.SAH",6,"Slow_A",465
72,"ACER.SAH",7,"Slow_B",227
72,"ACER.SAH",8,"Sng_Stem",0
72,"ACER.SAH",9,"Sng_Oth",8
72,"ACER.SAH",10,"Extra",0
72,"BETU.ALL",1,"VF_A",0
72,"BETU.ALL",2,"VF_B",0
72,"BETU.ALL",3,"Fast_A",17
72,"BETU.ALL",4,"Fast_B",0
72,"BETU.ALL",5,"MED",33
72,"BETU.ALL",6,"Slow_A",481
72,"BETU.ALL",7,"Slow_B",235
72,"BETU.ALL",8,"Sng_Stem",0
72,"BETU.ALL",9,"Sng_Oth",8
72,"BETU.ALL",10,"Extra",0
72,"BETU.PAP",1,"VF_A",0
72,"BETU.PAP",2,"VF_B",0
72,"BETU.PAP",3,"Fast_A",0
72,"BETU.PAP",4,"Fast_B",0
72,"BETU.PAP",5,"MED",0
72,"BETU.PAP",6,"Slow_A",6
72,"BETU.PAP",7,"Slow_B",3
72,"BETU.PAP",8,"Sng_Stem",0
72,"BETU.PAP",9,"Sng_Oth",0
72,"BETU.PAP",10,"Extra",0
72,"FAGU.GRA",1,"VF_A",0
72,"FAGU.GRA",2,"VF_B",0
72,"FAGU.GRA",3,"Fast_A",7
72,"FAGU.GRA",4,"Fast_B",0
72,"FAGU.GRA",5,"MED",13
72,"FAGU.GRA",6,"Slow_A",191
72,"FAGU.GRA",7,"Slow_B",93
72,"FAGU.GRA",8,"Sng_Stem",0
72,"FAGU.GRA",9,"Sng_Oth",3
72,"FAGU.GRA",10,"Extra",0
72,"LARI.LAR",1,"VF_A",0
72,"LARI.LAR",2,"VF_B",0
72,"LARI.LAR",3,"Fast_A",0
72,"LARI.LAR",4,"Fast_B",0
72,"LARI.LAR",5,"MED",0
72,"LARI.LAR",6,"Slow_A",6
72,"LARI.LAR",7,"Slow_B",3
72,"LARI.LAR",8,"Sng_Stem",0
72,"LARI.LAR",9,"Sng_Oth",0
72,"LARI.LAR",10,"Extra",0
72,"PICE.GLA",1,"VF_A",0
72,"PICE.GLA",2,"VF_B",0
72,"PICE.GLA",3,"Fast_A",16
72,"PICE.GLA",4,"Fast_B",0
72,"PICE.GLA",5,"MED",32
72,"PICE.GLA",6,"Slow_A",473
72,"PICE.GLA",7,"Slow_B",231
72,"PICE.GLA",8,"Sng_Stem",0
72,"PICE.GLA",9,"Sng_Oth",8
72,"PICE.GLA",10,"Extra",0
72,"PICE.MAR",1,"VF_A",0
72,"PICE.MAR",2,"VF_B",0
72,"PICE.MAR",3,"Fast_A",12
72,"PICE.MAR",4,"Fast_B",0
72,"PICE.MAR",5,"MED",23
72,"PICE.MAR",6,"Slow_A",338
72,"PICE.MAR",7,"Slow_B",165
72,"PICE.MAR",8,"Sng_Stem",0
72,"PICE.MAR",9,"Sng_Oth",6
72,"PICE.MAR",10,"Extra",0
72,"PICE.RUB",1,"VF_A",0
72,"PICE.RUB",2,"VF_B",0
72,"PICE.RUB",3,"Fast_A",29
72,"PICE.RUB",4,"Fast_B",0
72,"PICE.RUB",5,"MED",59
72,"PICE.RUB",6,"Slow_A",854
72,"PICE.RUB",7,"Slow_B",417
72,"PICE.RUB",8,"Sng_Stem",0
72,"PICE.RUB",9,"Sng_Oth",14
72,"PICE.RUB",10,"Extra",0
72,"PINU.BAN",1,"VF_A",0
72,"PINU.BAN",2,"VF_B",0
72,"PINU.BAN",3,"Fast_A",0
72,"PINU.BAN",4,"Fast_B",0
72,"PINU.BAN",5,"MED",0
72,"PINU.BAN",6,"Slow_A",3
72,"PINU.BAN",7,"Slow_B",1
72,"PINU.BAN",8,"Sng_Stem",0
72,"PINU.BAN",9,"Sng_Oth",0
72,"PINU.BAN",10,"Extra",0
72,"PINU.RES",1,"VF_A",0
72,"PINU.RES",2,"VF_B",0
72,"PINU.RES",3,"Fast_A",8
72,"PINU.RES",4,"Fast_B",0
72,"PINU.RES",5,"MED",16
72,"PINU.RES",6,"Slow_A",231
72,"PINU.RES",7,"Slow_B",113
72,"PINU.RES",8,"Sng_Stem",0
72,"PINU.RES",9,"Sng_Oth",4
72,"PINU.RES",10,"Extra",0
72,"PINU.STR",1,"VF_A",0
72,"PINU.STR",2,"VF_B",0
72,"PINU.STR",3,"Fast_A",1
72,"PINU.STR",4,"Fast_B",0
72,"PINU.STR",5,"MED",1
72,"PINU.STR",6,"Slow_A",21
72,"PINU.STR",7,"Slow_B",10
72,"PINU.STR",8,"Sng_Stem",0
72,"PINU.STR",9,"Sng_Oth",0
72,"PINU.STR",10,"Extra",0
72,"POPU.TRE",1,"VF_A",0
72,"POPU.TRE",2,"VF_B",0
72,"POPU.TRE",3,"Fast_A",1
72,"POPU.TRE",4,"Fast_B",0
72,"POPU.TRE",5,"MED",3
72,"POPU.TRE",6,"Slow_A",40
72,"POPU.TRE",7,"Slow_B",20
72,"POPU.TRE",8,"Sng_Stem",0
72,"POPU.TRE",9,"Sng_Oth",1
72,"POPU.TRE",10,"Extra",0
72,"QUER.RUB",1,"VF_A",0
72,"QUER.RUB",2,"VF_B",0
72,"QUER.RUB",3,"Fast_A",17
72,"QUER.RUB",4,"Fast_B",0
72,"QUER.RUB",5,"MED",34
72,"QUER.RUB",6,"Slow_A",498
72,"QUER.RUB",7,"Slow_B",243
72,"QUER.RUB",8,"Sng_Stem",0
72,"QUER.RUB",9,"Sng_Oth",8
72,"QUER.RUB",10,"Extra",0
72,"THUJ.SPP.ALL",1,"VF_A",0
72,"THUJ.SPP.ALL",2,"VF_B",0
72,"THUJ.SPP.ALL",3,"Fast_A",27
72,"THUJ.SPP.ALL",4,"Fast_B",0
72,"THUJ.SPP.ALL",5,"MED",54
72,"THUJ.SPP.ALL",6,"Slow_A",787
72,"THUJ.SPP.ALL",7,"Slow_B",384
72,"THUJ.SPP.ALL",8,"Sng_Stem",0
72,"THUJ.SPP.ALL",9,"Sng_Oth",13
72,"THUJ.SPP.ALL",10,"Extra",0
72,"TSUG.CAN",1,"VF_A",0
72,"TSUG.CAN",2,"VF_B",0
72,"TSUG.CAN",3,"Fast_A",7
72,"TSUG.CAN",4,"Fast_B",0
72,"TSUG.CAN",5,"MED",15
72,"TSUG.CAN",6,"Slow_A",214
72,"TSUG.CAN",7,"Slow_B",105
72,"TSUG.CAN",8,"Sng_Stem",0
72,"TSUG.CAN",9,"Sng_Oth",3
72,"TSUG.CAN",10,"Extra",0
